<annotation>
	<folder>deytaset3</folder>
	<filename>3015.jpg</filename>
	<path>C:\deytaset3\3015.jpg</path>
	<source>
		<database>Unknown</database>
	</source>
	<size>
		<width>612</width>
		<height>408</height>
		<depth>3</depth>
	</size>
	<segmented>0</segmented>
	<object>
		<name>30</name>
		<pose>Unspecified</pose>
		<truncated>0</truncated>
		<difficult>0</difficult>
		<bndbox>
			<xmin>389</xmin>
			<ymin>63</ymin>
			<xmax>468</xmax>
			<ymax>147</ymax>
		</bndbox>
	</object>
</annotation>
