<annotation>
	<folder>deytaset3</folder>
	<filename>3020.jpg</filename>
	<path>C:\deytaset3\3020.jpg</path>
	<source>
		<database>Unknown</database>
	</source>
	<size>
		<width>408</width>
		<height>612</height>
		<depth>3</depth>
	</size>
	<segmented>0</segmented>
	<object>
		<name>30</name>
		<pose>Unspecified</pose>
		<truncated>0</truncated>
		<difficult>0</difficult>
		<bndbox>
			<xmin>204</xmin>
			<ymin>174</ymin>
			<xmax>271</xmax>
			<ymax>241</ymax>
		</bndbox>
	</object>
</annotation>
