<annotation>
	<folder>deytaset3</folder>
	<filename>304.jpg</filename>
	<path>C:\deytaset3\304.jpg</path>
	<source>
		<database>Unknown</database>
	</source>
	<size>
		<width>612</width>
		<height>442</height>
		<depth>3</depth>
	</size>
	<segmented>0</segmented>
	<object>
		<name>30</name>
		<pose>Unspecified</pose>
		<truncated>0</truncated>
		<difficult>0</difficult>
		<bndbox>
			<xmin>226</xmin>
			<ymin>79</ymin>
			<xmax>391</xmax>
			<ymax>248</ymax>
		</bndbox>
	</object>
</annotation>
