<annotation>
	<folder>deytaset3</folder>
	<filename>306.jpg</filename>
	<path>C:\deytaset3\306.jpg</path>
	<source>
		<database>Unknown</database>
	</source>
	<size>
		<width>405</width>
		<height>612</height>
		<depth>3</depth>
	</size>
	<segmented>0</segmented>
	<object>
		<name>30</name>
		<pose>Unspecified</pose>
		<truncated>0</truncated>
		<difficult>0</difficult>
		<bndbox>
			<xmin>105</xmin>
			<ymin>32</ymin>
			<xmax>303</xmax>
			<ymax>197</ymax>
		</bndbox>
	</object>
</annotation>
