<annotation>
	<folder>deytaset3</folder>
	<filename>307.jpg</filename>
	<path>C:\deytaset3\307.jpg</path>
	<source>
		<database>Unknown</database>
	</source>
	<size>
		<width>612</width>
		<height>415</height>
		<depth>3</depth>
	</size>
	<segmented>0</segmented>
	<object>
		<name>30</name>
		<pose>Unspecified</pose>
		<truncated>0</truncated>
		<difficult>0</difficult>
		<bndbox>
			<xmin>175</xmin>
			<ymin>108</ymin>
			<xmax>397</xmax>
			<ymax>331</ymax>
		</bndbox>
	</object>
</annotation>
