<annotation>
	<folder>deytaset3</folder>
	<filename>308.jpg</filename>
	<path>C:\deytaset3\308.jpg</path>
	<source>
		<database>Unknown</database>
	</source>
	<size>
		<width>612</width>
		<height>432</height>
		<depth>3</depth>
	</size>
	<segmented>0</segmented>
	<object>
		<name>30</name>
		<pose>Unspecified</pose>
		<truncated>0</truncated>
		<difficult>0</difficult>
		<bndbox>
			<xmin>122</xmin>
			<ymin>25</ymin>
			<xmax>358</xmax>
			<ymax>346</ymax>
		</bndbox>
	</object>
</annotation>
