<annotation>
	<folder>deytaset3</folder>
	<filename>309.jpg</filename>
	<path>C:\deytaset3\309.jpg</path>
	<source>
		<database>Unknown</database>
	</source>
	<size>
		<width>612</width>
		<height>408</height>
		<depth>3</depth>
	</size>
	<segmented>0</segmented>
	<object>
		<name>30</name>
		<pose>Unspecified</pose>
		<truncated>0</truncated>
		<difficult>0</difficult>
		<bndbox>
			<xmin>225</xmin>
			<ymin>227</ymin>
			<xmax>359</xmax>
			<ymax>354</ymax>
		</bndbox>
	</object>
</annotation>
