<annotation>
	<folder>deytaset3</folder>
	<filename>a (15).jpg</filename>
	<path>C:\deytaset3\a (15).jpg</path>
	<source>
		<database>Unknown</database>
	</source>
	<size>
		<width>275</width>
		<height>183</height>
		<depth>3</depth>
	</size>
	<segmented>0</segmented>
	<object>
		<name>U_Turn_is_not_allowed</name>
		<pose>Unspecified</pose>
		<truncated>0</truncated>
		<difficult>0</difficult>
		<bndbox>
			<xmin>71</xmin>
			<ymin>18</ymin>
			<xmax>195</xmax>
			<ymax>150</ymax>
		</bndbox>
	</object>
</annotation>
