<annotation>
	<folder>deytaset3</folder>
	<filename>a (12).jpg</filename>
	<path>C:\deytaset3\a (12).jpg</path>
	<source>
		<database>Unknown</database>
	</source>
	<size>
		<width>177</width>
		<height>285</height>
		<depth>3</depth>
	</size>
	<segmented>0</segmented>
	<object>
		<name>U_Turn_is_not_allowed</name>
		<pose>Unspecified</pose>
		<truncated>0</truncated>
		<difficult>0</difficult>
		<bndbox>
			<xmin>35</xmin>
			<ymin>81</ymin>
			<xmax>148</xmax>
			<ymax>194</ymax>
		</bndbox>
	</object>
</annotation>
