<annotation>
	<folder>deytaset3</folder>
	<filename>a (11).jpg</filename>
	<path>C:\deytaset3\a (11).jpg</path>
	<source>
		<database>Unknown</database>
	</source>
	<size>
		<width>255</width>
		<height>198</height>
		<depth>3</depth>
	</size>
	<segmented>0</segmented>
	<object>
		<name>U_Turn_is_not_allowed</name>
		<pose>Unspecified</pose>
		<truncated>0</truncated>
		<difficult>0</difficult>
		<bndbox>
			<xmin>133</xmin>
			<ymin>18</ymin>
			<xmax>203</xmax>
			<ymax>84</ymax>
		</bndbox>
	</object>
</annotation>
