<annotation>
	<folder>deytaset3</folder>
	<filename>a (18).jpg</filename>
	<path>C:\deytaset3\a (18).jpg</path>
	<source>
		<database>Unknown</database>
	</source>
	<size>
		<width>612</width>
		<height>409</height>
		<depth>3</depth>
	</size>
	<segmented>0</segmented>
	<object>
		<name>U_Turn_is_not_allowed</name>
		<pose>Unspecified</pose>
		<truncated>0</truncated>
		<difficult>0</difficult>
		<bndbox>
			<xmin>106</xmin>
			<ymin>22</ymin>
			<xmax>468</xmax>
			<ymax>369</ymax>
		</bndbox>
	</object>
</annotation>
