<annotation>
	<folder>deytaset3</folder>
	<filename>a (10).jpg</filename>
	<path>C:\deytaset3\a (10).jpg</path>
	<source>
		<database>Unknown</database>
	</source>
	<size>
		<width>194</width>
		<height>259</height>
		<depth>3</depth>
	</size>
	<segmented>0</segmented>
	<object>
		<name>U_Turn_is_not_allowed</name>
		<pose>Unspecified</pose>
		<truncated>0</truncated>
		<difficult>0</difficult>
		<bndbox>
			<xmin>75</xmin>
			<ymin>79</ymin>
			<xmax>109</xmax>
			<ymax>116</ymax>
		</bndbox>
	</object>
</annotation>
