<annotation>
	<folder>deytaset3</folder>
	<filename>a (16).jpg</filename>
	<path>C:\deytaset3\a (16).jpg</path>
	<source>
		<database>Unknown</database>
	</source>
	<size>
		<width>612</width>
		<height>408</height>
		<depth>3</depth>
	</size>
	<segmented>0</segmented>
	<object>
		<name>U_Turn_is_not_allowed</name>
		<pose>Unspecified</pose>
		<truncated>0</truncated>
		<difficult>0</difficult>
		<bndbox>
			<xmin>312</xmin>
			<ymin>34</ymin>
			<xmax>520</xmax>
			<ymax>256</ymax>
		</bndbox>
	</object>
</annotation>
