<annotation>
	<folder>deytaset3</folder>
	<filename>a (14).jpg</filename>
	<path>C:\deytaset3\a (14).jpg</path>
	<source>
		<database>Unknown</database>
	</source>
	<size>
		<width>300</width>
		<height>168</height>
		<depth>3</depth>
	</size>
	<segmented>0</segmented>
	<object>
		<name>U_Turn_is_not_allowed</name>
		<pose>Unspecified</pose>
		<truncated>0</truncated>
		<difficult>0</difficult>
		<bndbox>
			<xmin>105</xmin>
			<ymin>21</ymin>
			<xmax>191</xmax>
			<ymax>105</ymax>
		</bndbox>
	</object>
</annotation>
