<annotation>
	<folder>deytaset3</folder>
	<filename>a (28).jpg</filename>
	<path>C:\deytaset3\a (28).jpg</path>
	<source>
		<database>Unknown</database>
	</source>
	<size>
		<width>940</width>
		<height>1390</height>
		<depth>3</depth>
	</size>
	<segmented>0</segmented>
	<object>
		<name>U_Turn_is_not_allowed</name>
		<pose>Unspecified</pose>
		<truncated>0</truncated>
		<difficult>0</difficult>
		<bndbox>
			<xmin>195</xmin>
			<ymin>237</ymin>
			<xmax>741</xmax>
			<ymax>720</ymax>
		</bndbox>
	</object>
</annotation>
