<annotation>
	<folder>deytaset3</folder>
	<filename>a (21).jpg</filename>
	<path>C:\deytaset3\a (21).jpg</path>
	<source>
		<database>Unknown</database>
	</source>
	<size>
		<width>1300</width>
		<height>956</height>
		<depth>3</depth>
	</size>
	<segmented>0</segmented>
	<object>
		<name>U_Turn_is_not_allowed</name>
		<pose>Unspecified</pose>
		<truncated>0</truncated>
		<difficult>0</difficult>
		<bndbox>
			<xmin>496</xmin>
			<ymin>209</ymin>
			<xmax>782</xmax>
			<ymax>477</ymax>
		</bndbox>
	</object>
</annotation>
