<annotation>
	<folder>deytaset3</folder>
	<filename>a (27).jpg</filename>
	<path>C:\deytaset3\a (27).jpg</path>
	<source>
		<database>Unknown</database>
	</source>
	<size>
		<width>479</width>
		<height>280</height>
		<depth>3</depth>
	</size>
	<segmented>0</segmented>
	<object>
		<name>U_Turn_is_not_allowed</name>
		<pose>Unspecified</pose>
		<truncated>0</truncated>
		<difficult>0</difficult>
		<bndbox>
			<xmin>270</xmin>
			<ymin>45</ymin>
			<xmax>458</xmax>
			<ymax>228</ymax>
		</bndbox>
	</object>
</annotation>
