<annotation>
	<folder>deytaset3</folder>
	<filename>a (20).jpg</filename>
	<path>C:\deytaset3\a (20).jpg</path>
	<source>
		<database>Unknown</database>
	</source>
	<size>
		<width>173</width>
		<height>280</height>
		<depth>3</depth>
	</size>
	<segmented>0</segmented>
	<object>
		<name>U_Turn_is_not_allowed</name>
		<pose>Unspecified</pose>
		<truncated>0</truncated>
		<difficult>0</difficult>
		<bndbox>
			<xmin>57</xmin>
			<ymin>53</ymin>
			<xmax>100</xmax>
			<ymax>97</ymax>
		</bndbox>
	</object>
</annotation>
