<annotation>
	<folder>deytaset3</folder>
	<filename>a (25).jpg</filename>
	<path>C:\deytaset3\a (25).jpg</path>
	<source>
		<database>Unknown</database>
	</source>
	<size>
		<width>864</width>
		<height>1390</height>
		<depth>3</depth>
	</size>
	<segmented>0</segmented>
	<object>
		<name>U_Turn_is_not_allowed</name>
		<pose>Unspecified</pose>
		<truncated>0</truncated>
		<difficult>0</difficult>
		<bndbox>
			<xmin>324</xmin>
			<ymin>343</ymin>
			<xmax>526</xmax>
			<ymax>543</ymax>
		</bndbox>
	</object>
</annotation>
