<annotation>
	<folder>deytaset3</folder>
	<filename>a (4).jpg</filename>
	<path>C:\deytaset3\a (4).jpg</path>
	<source>
		<database>Unknown</database>
	</source>
	<size>
		<width>870</width>
		<height>1390</height>
		<depth>3</depth>
	</size>
	<segmented>0</segmented>
	<object>
		<name>U_Turn_is_not_allowed</name>
		<pose>Unspecified</pose>
		<truncated>0</truncated>
		<difficult>0</difficult>
		<bndbox>
			<xmin>127</xmin>
			<ymin>748</ymin>
			<xmax>541</xmax>
			<ymax>1036</ymax>
		</bndbox>
	</object>
</annotation>
