<annotation>
	<folder>deytaset3</folder>
	<filename>a (5).jpg</filename>
	<path>C:\deytaset3\a (5).jpg</path>
	<source>
		<database>Unknown</database>
	</source>
	<size>
		<width>800</width>
		<height>534</height>
		<depth>3</depth>
	</size>
	<segmented>0</segmented>
	<object>
		<name>U_Turn_is_not_allowed</name>
		<pose>Unspecified</pose>
		<truncated>0</truncated>
		<difficult>0</difficult>
		<bndbox>
			<xmin>239</xmin>
			<ymin>42</ymin>
			<xmax>538</xmax>
			<ymax>431</ymax>
		</bndbox>
	</object>
</annotation>
