<annotation>
	<folder>deytaset3</folder>
	<filename>a (6).jpg</filename>
	<path>C:\deytaset3\a (6).jpg</path>
	<source>
		<database>Unknown</database>
	</source>
	<size>
		<width>422</width>
		<height>600</height>
		<depth>3</depth>
	</size>
	<segmented>0</segmented>
	<object>
		<name>U_Turn_is_not_allowed</name>
		<pose>Unspecified</pose>
		<truncated>0</truncated>
		<difficult>0</difficult>
		<bndbox>
			<xmin>114</xmin>
			<ymin>117</ymin>
			<xmax>307</xmax>
			<ymax>303</ymax>
		</bndbox>
	</object>
</annotation>
