<annotation>
	<folder>deytaset3</folder>
	<filename>a (8).jpg</filename>
	<path>C:\deytaset3\a (8).jpg</path>
	<source>
		<database>Unknown</database>
	</source>
	<size>
		<width>1200</width>
		<height>675</height>
		<depth>3</depth>
	</size>
	<segmented>0</segmented>
	<object>
		<name>U_Turn_is_not_allowed</name>
		<pose>Unspecified</pose>
		<truncated>0</truncated>
		<difficult>0</difficult>
		<bndbox>
			<xmin>132</xmin>
			<ymin>88</ymin>
			<xmax>649</xmax>
			<ymax>604</ymax>
		</bndbox>
	</object>
</annotation>
