<annotation>
	<folder>deytaset3</folder>
	<filename>crossover6.jpg</filename>
	<path>C:\deytaset3\crossover6.jpg</path>
	<source>
		<database>Unknown</database>
	</source>
	<size>
		<width>870</width>
		<height>1390</height>
		<depth>3</depth>
	</size>
	<segmented>0</segmented>
	<object>
		<name>crossover</name>
		<pose>Unspecified</pose>
		<truncated>0</truncated>
		<difficult>0</difficult>
		<bndbox>
			<xmin>456</xmin>
			<ymin>43</ymin>
			<xmax>649</xmax>
			<ymax>377</ymax>
		</bndbox>
	</object>
</annotation>
