<annotation>
	<folder>deytaset3</folder>
	<filename>crossover19.jpg</filename>
	<path>C:\deytaset3\crossover19.jpg</path>
	<source>
		<database>Unknown</database>
	</source>
	<size>
		<width>1280</width>
		<height>853</height>
		<depth>3</depth>
	</size>
	<segmented>0</segmented>
	<object>
		<name>crossover</name>
		<pose>Unspecified</pose>
		<truncated>0</truncated>
		<difficult>0</difficult>
		<bndbox>
			<xmin>565</xmin>
			<ymin>295</ymin>
			<xmax>709</xmax>
			<ymax>504</ymax>
		</bndbox>
	</object>
	<object>
		<name>crossover</name>
		<pose>Unspecified</pose>
		<truncated>0</truncated>
		<difficult>0</difficult>
		<bndbox>
			<xmin>652</xmin>
			<ymin>768</ymin>
			<xmax>723</xmax>
			<ymax>848</ymax>
		</bndbox>
	</object>
</annotation>
