<annotation>
	<folder>deytaset3</folder>
	<filename>crossover18.jpg</filename>
	<path>C:\deytaset3\crossover18.jpg</path>
	<source>
		<database>Unknown</database>
	</source>
	<size>
		<width>960</width>
		<height>1280</height>
		<depth>3</depth>
	</size>
	<segmented>0</segmented>
	<object>
		<name>crossover</name>
		<pose>Unspecified</pose>
		<truncated>0</truncated>
		<difficult>0</difficult>
		<bndbox>
			<xmin>134</xmin>
			<ymin>213</ymin>
			<xmax>853</xmax>
			<ymax>830</ymax>
		</bndbox>
	</object>
</annotation>
