<annotation>
	<folder>deytaset3</folder>
	<filename>crossover10.jpg</filename>
	<path>C:\deytaset3\crossover10.jpg</path>
	<source>
		<database>Unknown</database>
	</source>
	<size>
		<width>406</width>
		<height>612</height>
		<depth>3</depth>
	</size>
	<segmented>0</segmented>
	<object>
		<name>crossover</name>
		<pose>Unspecified</pose>
		<truncated>0</truncated>
		<difficult>0</difficult>
		<bndbox>
			<xmin>54</xmin>
			<ymin>68</ymin>
			<xmax>363</xmax>
			<ymax>352</ymax>
		</bndbox>
	</object>
</annotation>
