<annotation>
	<folder>deytaset3</folder>
	<filename>cross24.jpg</filename>
	<path>C:\deytaset3\cross24.jpg</path>
	<source>
		<database>Unknown</database>
	</source>
	<size>
		<width>916</width>
		<height>2040</height>
		<depth>3</depth>
	</size>
	<segmented>0</segmented>
	<object>
		<name>crossover</name>
		<pose>Unspecified</pose>
		<truncated>0</truncated>
		<difficult>0</difficult>
		<bndbox>
			<xmin>304</xmin>
			<ymin>539</ymin>
			<xmax>579</xmax>
			<ymax>952</ymax>
		</bndbox>
	</object>
</annotation>
