<annotation>
	<folder>deytaset3</folder>
	<filename>crossover21.jpg</filename>
	<path>C:\deytaset3\crossover21.jpg</path>
	<source>
		<database>Unknown</database>
	</source>
	<size>
		<width>1300</width>
		<height>956</height>
		<depth>3</depth>
	</size>
	<segmented>0</segmented>
	<object>
		<name>crossover</name>
		<pose>Unspecified</pose>
		<truncated>0</truncated>
		<difficult>0</difficult>
		<bndbox>
			<xmin>328</xmin>
			<ymin>343</ymin>
			<xmax>445</xmax>
			<ymax>472</ymax>
		</bndbox>
	</object>
</annotation>
