<annotation>
	<folder>deytaset3</folder>
	<filename>crossover14.jpg</filename>
	<path>C:\deytaset3\crossover14.jpg</path>
	<source>
		<database>Unknown</database>
	</source>
	<size>
		<width>1600</width>
		<height>1142</height>
		<depth>3</depth>
	</size>
	<segmented>0</segmented>
	<object>
		<name>crossover</name>
		<pose>Unspecified</pose>
		<truncated>0</truncated>
		<difficult>0</difficult>
		<bndbox>
			<xmin>1226</xmin>
			<ymin>428</ymin>
			<xmax>1417</xmax>
			<ymax>652</ymax>
		</bndbox>
	</object>
</annotation>
