<annotation>
	<folder>deytaset3</folder>
	<filename>crossover22.jpg</filename>
	<path>C:\deytaset3\crossover22.jpg</path>
	<source>
		<database>Unknown</database>
	</source>
	<size>
		<width>1280</width>
		<height>853</height>
		<depth>3</depth>
	</size>
	<segmented>0</segmented>
	<object>
		<name>crossover</name>
		<pose>Unspecified</pose>
		<truncated>0</truncated>
		<difficult>0</difficult>
		<bndbox>
			<xmin>549</xmin>
			<ymin>95</ymin>
			<xmax>1191</xmax>
			<ymax>717</ymax>
		</bndbox>
	</object>
</annotation>
