<annotation>
	<folder>deytaset3</folder>
	<filename>crossover4.jpg</filename>
	<path>C:\deytaset3\crossover4.jpg</path>
	<source>
		<database>Unknown</database>
	</source>
	<size>
		<width>404</width>
		<height>280</height>
		<depth>3</depth>
	</size>
	<segmented>0</segmented>
	<object>
		<name>crossover</name>
		<pose>Unspecified</pose>
		<truncated>0</truncated>
		<difficult>0</difficult>
		<bndbox>
			<xmin>36</xmin>
			<ymin>43</ymin>
			<xmax>184</xmax>
			<ymax>192</ymax>
		</bndbox>
	</object>
</annotation>
