<annotation>
	<folder>deytaset3</folder>
	<filename>crossover24.jpg</filename>
	<path>C:\deytaset3\crossover24.jpg</path>
	<source>
		<database>Unknown</database>
	</source>
	<size>
		<width>1300</width>
		<height>1118</height>
		<depth>3</depth>
	</size>
	<segmented>0</segmented>
	<object>
		<name>crossover</name>
		<pose>Unspecified</pose>
		<truncated>0</truncated>
		<difficult>0</difficult>
		<bndbox>
			<xmin>430</xmin>
			<ymin>275</ymin>
			<xmax>877</xmax>
			<ymax>705</ymax>
		</bndbox>
	</object>
</annotation>
