<annotation>
	<folder>deytaset3</folder>
	<filename>crossover9.jpg</filename>
	<path>C:\deytaset3\crossover9.jpg</path>
	<source>
		<database>Unknown</database>
	</source>
	<size>
		<width>375</width>
		<height>500</height>
		<depth>3</depth>
	</size>
	<segmented>0</segmented>
	<object>
		<name>crossover</name>
		<pose>Unspecified</pose>
		<truncated>0</truncated>
		<difficult>0</difficult>
		<bndbox>
			<xmin>83</xmin>
			<ymin>74</ymin>
			<xmax>311</xmax>
			<ymax>278</ymax>
		</bndbox>
	</object>
</annotation>
