<annotation>
	<folder>deytaset3</folder>
	<filename>crossover15.jpg</filename>
	<path>C:\deytaset3\crossover15.jpg</path>
	<source>
		<database>Unknown</database>
	</source>
	<size>
		<width>1600</width>
		<height>1066</height>
		<depth>3</depth>
	</size>
	<segmented>0</segmented>
	<object>
		<name>crossover</name>
		<pose>Unspecified</pose>
		<truncated>0</truncated>
		<difficult>0</difficult>
		<bndbox>
			<xmin>839</xmin>
			<ymin>88</ymin>
			<xmax>1054</xmax>
			<ymax>396</ymax>
		</bndbox>
	</object>
	<object>
		<name>crossover</name>
		<pose>Unspecified</pose>
		<truncated>0</truncated>
		<difficult>0</difficult>
		<bndbox>
			<xmin>966</xmin>
			<ymin>769</ymin>
			<xmax>1103</xmax>
			<ymax>931</ymax>
		</bndbox>
	</object>
</annotation>
