<annotation>
	<folder>deytaset3</folder>
	<filename>crossover20.jpg</filename>
	<path>C:\deytaset3\crossover20.jpg</path>
	<source>
		<database>Unknown</database>
	</source>
	<size>
		<width>1300</width>
		<height>956</height>
		<depth>3</depth>
	</size>
	<segmented>0</segmented>
	<object>
		<name>crossover</name>
		<pose>Unspecified</pose>
		<truncated>0</truncated>
		<difficult>0</difficult>
		<bndbox>
			<xmin>871</xmin>
			<ymin>403</ymin>
			<xmax>967</xmax>
			<ymax>501</ymax>
		</bndbox>
	</object>
	<object>
		<name>crossover</name>
		<pose>Unspecified</pose>
		<truncated>0</truncated>
		<difficult>0</difficult>
		<bndbox>
			<xmin>377</xmin>
			<ymin>469</ymin>
			<xmax>405</xmax>
			<ymax>512</ymax>
		</bndbox>
	</object>
</annotation>
