<annotation>
	<folder>deytaset3</folder>
	<filename>crossover11.jpg</filename>
	<path>C:\deytaset3\crossover11.jpg</path>
	<source>
		<database>Unknown</database>
	</source>
	<size>
		<width>730</width>
		<height>457</height>
		<depth>3</depth>
	</size>
	<segmented>0</segmented>
	<object>
		<name>crossover</name>
		<pose>Unspecified</pose>
		<truncated>0</truncated>
		<difficult>0</difficult>
		<bndbox>
			<xmin>357</xmin>
			<ymin>23</ymin>
			<xmax>687</xmax>
			<ymax>420</ymax>
		</bndbox>
	</object>
</annotation>
