<annotation>
	<folder>deytaset3</folder>
	<filename>crossover3.jpg</filename>
	<path>C:\deytaset3\crossover3.jpg</path>
	<source>
		<database>Unknown</database>
	</source>
	<size>
		<width>1300</width>
		<height>1104</height>
		<depth>3</depth>
	</size>
	<segmented>0</segmented>
	<object>
		<name>crossover</name>
		<pose>Unspecified</pose>
		<truncated>0</truncated>
		<difficult>0</difficult>
		<bndbox>
			<xmin>452</xmin>
			<ymin>168</ymin>
			<xmax>927</xmax>
			<ymax>645</ymax>
		</bndbox>
	</object>
</annotation>
