<annotation>
	<folder>deytaset3</folder>
	<filename>crossover8.jpg</filename>
	<path>C:\deytaset3\crossover8.jpg</path>
	<source>
		<database>Unknown</database>
	</source>
	<size>
		<width>1300</width>
		<height>957</height>
		<depth>3</depth>
	</size>
	<segmented>0</segmented>
	<object>
		<name>crossover</name>
		<pose>Unspecified</pose>
		<truncated>0</truncated>
		<difficult>0</difficult>
		<bndbox>
			<xmin>132</xmin>
			<ymin>214</ymin>
			<xmax>438</xmax>
			<ymax>611</ymax>
		</bndbox>
	</object>
</annotation>
