<annotation>
	<folder>deytaset3</folder>
	<filename>crossover5.jpg</filename>
	<path>C:\deytaset3\crossover5.jpg</path>
	<source>
		<database>Unknown</database>
	</source>
	<size>
		<width>682</width>
		<height>1023</height>
		<depth>3</depth>
	</size>
	<segmented>0</segmented>
	<object>
		<name>crossover</name>
		<pose>Unspecified</pose>
		<truncated>0</truncated>
		<difficult>0</difficult>
		<bndbox>
			<xmin>78</xmin>
			<ymin>198</ymin>
			<xmax>588</xmax>
			<ymax>666</ymax>
		</bndbox>
	</object>
</annotation>
