<annotation>
	<folder>deytaset3</folder>
	<filename>crossover12.jpg</filename>
	<path>C:\deytaset3\crossover12.jpg</path>
	<source>
		<database>Unknown</database>
	</source>
	<size>
		<width>640</width>
		<height>399</height>
		<depth>3</depth>
	</size>
	<segmented>0</segmented>
	<object>
		<name>crossover</name>
		<pose>Unspecified</pose>
		<truncated>0</truncated>
		<difficult>0</difficult>
		<bndbox>
			<xmin>51</xmin>
			<ymin>70</ymin>
			<xmax>81</xmax>
			<ymax>102</ymax>
		</bndbox>
	</object>
	<object>
		<name>crossover</name>
		<pose>Unspecified</pose>
		<truncated>0</truncated>
		<difficult>0</difficult>
		<bndbox>
			<xmin>547</xmin>
			<ymin>87</ymin>
			<xmax>567</xmax>
			<ymax>110</ymax>
		</bndbox>
	</object>
</annotation>
