<annotation>
	<folder>deytaset3</folder>
	<filename>crossover16.jpg</filename>
	<path>C:\deytaset3\crossover16.jpg</path>
	<source>
		<database>Unknown</database>
	</source>
	<size>
		<width>1300</width>
		<height>951</height>
		<depth>3</depth>
	</size>
	<segmented>0</segmented>
	<object>
		<name>crossover</name>
		<pose>Unspecified</pose>
		<truncated>0</truncated>
		<difficult>0</difficult>
		<bndbox>
			<xmin>678</xmin>
			<ymin>51</ymin>
			<xmax>1099</xmax>
			<ymax>752</ymax>
		</bndbox>
	</object>
</annotation>
