<annotation>
	<folder>deytaset3</folder>
	<filename>hospital22.jpg</filename>
	<path>C:\deytaset3\hospital22.jpg</path>
	<source>
		<database>Unknown</database>
	</source>
	<size>
		<width>1300</width>
		<height>1130</height>
		<depth>3</depth>
	</size>
	<segmented>0</segmented>
	<object>
		<name>hospital</name>
		<pose>Unspecified</pose>
		<truncated>0</truncated>
		<difficult>0</difficult>
		<bndbox>
			<xmin>584</xmin>
			<ymin>94</ymin>
			<xmax>1073</xmax>
			<ymax>564</ymax>
		</bndbox>
	</object>
</annotation>
