<annotation>
	<folder>deytaset3</folder>
	<filename>hospital5.jpg</filename>
	<path>C:\deytaset3\hospital5.jpg</path>
	<source>
		<database>Unknown</database>
	</source>
	<size>
		<width>390</width>
		<height>280</height>
		<depth>3</depth>
	</size>
	<segmented>0</segmented>
	<object>
		<name>hospital</name>
		<pose>Unspecified</pose>
		<truncated>0</truncated>
		<difficult>0</difficult>
		<bndbox>
			<xmin>127</xmin>
			<ymin>20</ymin>
			<xmax>263</xmax>
			<ymax>154</ymax>
		</bndbox>
	</object>
</annotation>
