<annotation>
	<folder>deytaset3</folder>
	<filename>hospital15.jpg</filename>
	<path>C:\deytaset3\hospital15.jpg</path>
	<source>
		<database>Unknown</database>
	</source>
	<size>
		<width>300</width>
		<height>168</height>
		<depth>3</depth>
	</size>
	<segmented>0</segmented>
	<object>
		<name>hospital</name>
		<pose>Unspecified</pose>
		<truncated>0</truncated>
		<difficult>0</difficult>
		<bndbox>
			<xmin>40</xmin>
			<ymin>2</ymin>
			<xmax>168</xmax>
			<ymax>117</ymax>
		</bndbox>
	</object>
</annotation>
