<annotation>
	<folder>deytaset3</folder>
	<filename>hospital9.jpg</filename>
	<path>C:\deytaset3\hospital9.jpg</path>
	<source>
		<database>Unknown</database>
	</source>
	<size>
		<width>800</width>
		<height>800</height>
		<depth>3</depth>
	</size>
	<segmented>0</segmented>
	<object>
		<name>hospital</name>
		<pose>Unspecified</pose>
		<truncated>0</truncated>
		<difficult>0</difficult>
		<bndbox>
			<xmin>157</xmin>
			<ymin>254</ymin>
			<xmax>652</xmax>
			<ymax>752</ymax>
		</bndbox>
	</object>
</annotation>
