<annotation>
	<folder>deytaset3</folder>
	<filename>hospital14.jpg</filename>
	<path>C:\deytaset3\hospital14.jpg</path>
	<source>
		<database>Unknown</database>
	</source>
	<size>
		<width>272</width>
		<height>185</height>
		<depth>3</depth>
	</size>
	<segmented>0</segmented>
	<object>
		<name>hospital</name>
		<pose>Unspecified</pose>
		<truncated>0</truncated>
		<difficult>0</difficult>
		<bndbox>
			<xmin>82</xmin>
			<ymin>9</ymin>
			<xmax>192</xmax>
			<ymax>120</ymax>
		</bndbox>
	</object>
</annotation>
