<annotation>
	<folder>deytaset3</folder>
	<filename>hospital6.jpg</filename>
	<path>C:\deytaset3\hospital6.jpg</path>
	<source>
		<database>Unknown</database>
	</source>
	<size>
		<width>756</width>
		<height>451</height>
		<depth>3</depth>
	</size>
	<segmented>0</segmented>
	<object>
		<name>hospital</name>
		<pose>Unspecified</pose>
		<truncated>0</truncated>
		<difficult>0</difficult>
		<bndbox>
			<xmin>230</xmin>
			<ymin>204</ymin>
			<xmax>254</xmax>
			<ymax>231</ymax>
		</bndbox>
	</object>
</annotation>
