<annotation>
	<folder>deytaset3</folder>
	<filename>hospital3.jpg</filename>
	<path>C:\deytaset3\hospital3.jpg</path>
	<source>
		<database>Unknown</database>
	</source>
	<size>
		<width>863</width>
		<height>1300</height>
		<depth>3</depth>
	</size>
	<segmented>0</segmented>
	<object>
		<name>hospital</name>
		<pose>Unspecified</pose>
		<truncated>0</truncated>
		<difficult>0</difficult>
		<bndbox>
			<xmin>80</xmin>
			<ymin>159</ymin>
			<xmax>757</xmax>
			<ymax>829</ymax>
		</bndbox>
	</object>
</annotation>
