<annotation>
	<folder>deytaset3</folder>
	<filename>hospital19.jpg</filename>
	<path>C:\deytaset3\hospital19.jpg</path>
	<source>
		<database>Unknown</database>
	</source>
	<size>
		<width>1024</width>
		<height>683</height>
		<depth>3</depth>
	</size>
	<segmented>0</segmented>
	<object>
		<name>hospital</name>
		<pose>Unspecified</pose>
		<truncated>0</truncated>
		<difficult>0</difficult>
		<bndbox>
			<xmin>138</xmin>
			<ymin>19</ymin>
			<xmax>491</xmax>
			<ymax>431</ymax>
		</bndbox>
	</object>
</annotation>
