<annotation>
	<folder>deytaset3</folder>
	<filename>hospital8.jpg</filename>
	<path>C:\deytaset3\hospital8.jpg</path>
	<source>
		<database>Unknown</database>
	</source>
	<size>
		<width>327</width>
		<height>447</height>
		<depth>3</depth>
	</size>
	<segmented>0</segmented>
	<object>
		<name>hospital</name>
		<pose>Unspecified</pose>
		<truncated>0</truncated>
		<difficult>0</difficult>
		<bndbox>
			<xmin>65</xmin>
			<ymin>46</ymin>
			<xmax>249</xmax>
			<ymax>237</ymax>
		</bndbox>
	</object>
</annotation>
