<annotation>
	<folder>deytaset3</folder>
	<filename>hospital4.jpg</filename>
	<path>C:\deytaset3\hospital4.jpg</path>
	<source>
		<database>Unknown</database>
	</source>
	<size>
		<width>800</width>
		<height>449</height>
		<depth>3</depth>
	</size>
	<segmented>0</segmented>
	<object>
		<name>hospital</name>
		<pose>Unspecified</pose>
		<truncated>0</truncated>
		<difficult>0</difficult>
		<bndbox>
			<xmin>388</xmin>
			<ymin>212</ymin>
			<xmax>488</xmax>
			<ymax>301</ymax>
		</bndbox>
	</object>
</annotation>
