<annotation>
	<folder>deytaset3</folder>
	<filename>hospital13.jpg</filename>
	<path>C:\deytaset3\hospital13.jpg</path>
	<source>
		<database>Unknown</database>
	</source>
	<size>
		<width>190</width>
		<height>266</height>
		<depth>3</depth>
	</size>
	<segmented>0</segmented>
	<object>
		<name>hospital</name>
		<pose>Unspecified</pose>
		<truncated>0</truncated>
		<difficult>0</difficult>
		<bndbox>
			<xmin>17</xmin>
			<ymin>2</ymin>
			<xmax>118</xmax>
			<ymax>147</ymax>
		</bndbox>
	</object>
</annotation>
