<annotation>
	<folder>deytaset3</folder>
	<filename>hospital18.jpg</filename>
	<path>C:\deytaset3\hospital18.jpg</path>
	<source>
		<database>Unknown</database>
	</source>
	<size>
		<width>683</width>
		<height>1024</height>
		<depth>3</depth>
	</size>
	<segmented>0</segmented>
	<object>
		<name>hospital</name>
		<pose>Unspecified</pose>
		<truncated>0</truncated>
		<difficult>0</difficult>
		<bndbox>
			<xmin>119</xmin>
			<ymin>172</ymin>
			<xmax>546</xmax>
			<ymax>512</ymax>
		</bndbox>
	</object>
</annotation>
