<annotation>
	<folder>deytaset3</folder>
	<filename>hospital17.jpg</filename>
	<path>C:\deytaset3\hospital17.jpg</path>
	<source>
		<database>Unknown</database>
	</source>
	<size>
		<width>183</width>
		<height>275</height>
		<depth>3</depth>
	</size>
	<segmented>0</segmented>
	<object>
		<name>hospital</name>
		<pose>Unspecified</pose>
		<truncated>0</truncated>
		<difficult>0</difficult>
		<bndbox>
			<xmin>23</xmin>
			<ymin>21</ymin>
			<xmax>169</xmax>
			<ymax>196</ymax>
		</bndbox>
	</object>
</annotation>
