<annotation>
	<folder>deytaset3</folder>
	<filename>hospital10.jpg</filename>
	<path>C:\deytaset3\hospital10.jpg</path>
	<source>
		<database>Unknown</database>
	</source>
	<size>
		<width>300</width>
		<height>168</height>
		<depth>3</depth>
	</size>
	<segmented>0</segmented>
	<object>
		<name>hospital</name>
		<pose>Unspecified</pose>
		<truncated>0</truncated>
		<difficult>0</difficult>
		<bndbox>
			<xmin>49</xmin>
			<ymin>3</ymin>
			<xmax>185</xmax>
			<ymax>97</ymax>
		</bndbox>
	</object>
</annotation>
