<annotation>
	<folder>deytaset3</folder>
	<filename>hospital7.jpg</filename>
	<path>C:\deytaset3\hospital7.jpg</path>
	<source>
		<database>Unknown</database>
	</source>
	<size>
		<width>1196</width>
		<height>1600</height>
		<depth>3</depth>
	</size>
	<segmented>0</segmented>
	<object>
		<name>hospital</name>
		<pose>Unspecified</pose>
		<truncated>0</truncated>
		<difficult>0</difficult>
		<bndbox>
			<xmin>680</xmin>
			<ymin>466</ymin>
			<xmax>743</xmax>
			<ymax>545</ymax>
		</bndbox>
	</object>
</annotation>
