<annotation>
	<folder>deytaset3</folder>
	<filename>hospital12.jpg</filename>
	<path>C:\deytaset3\hospital12.jpg</path>
	<source>
		<database>Unknown</database>
	</source>
	<size>
		<width>248</width>
		<height>203</height>
		<depth>3</depth>
	</size>
	<segmented>0</segmented>
	<object>
		<name>hospital</name>
		<pose>Unspecified</pose>
		<truncated>0</truncated>
		<difficult>0</difficult>
		<bndbox>
			<xmin>86</xmin>
			<ymin>22</ymin>
			<xmax>188</xmax>
			<ymax>126</ymax>
		</bndbox>
	</object>
</annotation>
