<annotation>
	<folder>deytaset3</folder>
	<filename>hospital16.jpg</filename>
	<path>C:\deytaset3\hospital16.jpg</path>
	<source>
		<database>Unknown</database>
	</source>
	<size>
		<width>362</width>
		<height>139</height>
		<depth>3</depth>
	</size>
	<segmented>0</segmented>
	<object>
		<name>hospital</name>
		<pose>Unspecified</pose>
		<truncated>0</truncated>
		<difficult>0</difficult>
		<bndbox>
			<xmin>161</xmin>
			<ymin>19</ymin>
			<xmax>205</xmax>
			<ymax>67</ymax>
		</bndbox>
	</object>
</annotation>
