<annotation>
	<folder>deytaset3</folder>
	<filename>kazi (8).jpeg</filename>
	<path>C:\deytaset3\kazi (8).jpeg</path>
	<source>
		<database>Unknown</database>
	</source>
	<size>
		<width>281</width>
		<height>180</height>
		<depth>3</depth>
	</size>
	<segmented>0</segmented>
	<object>
		<name>excavation_work</name>
		<pose>Unspecified</pose>
		<truncated>1</truncated>
		<difficult>0</difficult>
		<bndbox>
			<xmin>74</xmin>
			<ymin>1</ymin>
			<xmax>273</xmax>
			<ymax>179</ymax>
		</bndbox>
	</object>
</annotation>
