<annotation>
	<folder>deytaset3</folder>
	<filename>kazi (13).jpeg</filename>
	<path>C:\deytaset3\kazi (13).jpeg</path>
	<source>
		<database>Unknown</database>
	</source>
	<size>
		<width>183</width>
		<height>275</height>
		<depth>3</depth>
	</size>
	<segmented>0</segmented>
	<object>
		<name>excavation_work</name>
		<pose>Unspecified</pose>
		<truncated>0</truncated>
		<difficult>0</difficult>
		<bndbox>
			<xmin>43</xmin>
			<ymin>16</ymin>
			<xmax>134</xmax>
			<ymax>102</ymax>
		</bndbox>
	</object>
</annotation>
