<annotation>
	<folder>deytaset3</folder>
	<filename>kazi (15).jpeg</filename>
	<path>C:\deytaset3\kazi (15).jpeg</path>
	<source>
		<database>Unknown</database>
	</source>
	<size>
		<width>275</width>
		<height>183</height>
		<depth>3</depth>
	</size>
	<segmented>0</segmented>
	<object>
		<name>excavation_work</name>
		<pose>Unspecified</pose>
		<truncated>0</truncated>
		<difficult>0</difficult>
		<bndbox>
			<xmin>183</xmin>
			<ymin>80</ymin>
			<xmax>238</xmax>
			<ymax>151</ymax>
		</bndbox>
	</object>
</annotation>
