<annotation>
	<folder>deytaset3</folder>
	<filename>kazi (1).png</filename>
	<path>C:\deytaset3\kazi (1).png</path>
	<source>
		<database>Unknown</database>
	</source>
	<size>
		<width>210</width>
		<height>240</height>
		<depth>3</depth>
	</size>
	<segmented>0</segmented>
	<object>
		<name>excavation_work</name>
		<pose>Unspecified</pose>
		<truncated>0</truncated>
		<difficult>0</difficult>
		<bndbox>
			<xmin>110</xmin>
			<ymin>12</ymin>
			<xmax>148</xmax>
			<ymax>48</ymax>
		</bndbox>
	</object>
	<object>
		<name>excavation_work</name>
		<pose>Unspecified</pose>
		<truncated>0</truncated>
		<difficult>0</difficult>
		<bndbox>
			<xmin>32</xmin>
			<ymin>51</ymin>
			<xmax>379</xmax>
			<ymax>373</ymax>
		</bndbox>
	</object>
	<object>
		<name>excavation_work</name>
		<pose>Unspecified</pose>
		<truncated>0</truncated>
		<difficult>0</difficult>
		<bndbox>
			<xmin>11</xmin>
			<ymin>30</ymin>
			<xmax>204</xmax>
			<ymax>212</ymax>
		</bndbox>
	</object>
</annotation>
