<annotation>
	<folder>deytaset3</folder>
	<filename>kazi (20).jpeg</filename>
	<path>C:\deytaset3\kazi (20).jpeg</path>
	<source>
		<database>Unknown</database>
	</source>
	<size>
		<width>300</width>
		<height>168</height>
		<depth>3</depth>
	</size>
	<segmented>0</segmented>
	<object>
		<name>excavation_work</name>
		<pose>Unspecified</pose>
		<truncated>0</truncated>
		<difficult>0</difficult>
		<bndbox>
			<xmin>151</xmin>
			<ymin>11</ymin>
			<xmax>240</xmax>
			<ymax>152</ymax>
		</bndbox>
	</object>
</annotation>
