<annotation>
	<folder>deytaset3</folder>
	<filename>kazi (2).png</filename>
	<path>C:\deytaset3\kazi (2).png</path>
	<source>
		<database>Unknown</database>
	</source>
	<size>
		<width>242</width>
		<height>208</height>
		<depth>3</depth>
	</size>
	<segmented>0</segmented>
	<object>
		<name>excavation_work</name>
		<pose>Unspecified</pose>
		<truncated>0</truncated>
		<difficult>0</difficult>
		<bndbox>
			<xmin>57</xmin>
			<ymin>66</ymin>
			<xmax>152</xmax>
			<ymax>152</ymax>
		</bndbox>
	</object>
	<object>
		<name>excavation_work</name>
		<pose>Unspecified</pose>
		<truncated>0</truncated>
		<difficult>0</difficult>
		<bndbox>
			<xmin>149</xmin>
			<ymin>37</ymin>
			<xmax>210</xmax>
			<ymax>96</ymax>
		</bndbox>
	</object>
</annotation>
