<annotation>
	<folder>deytaset3</folder>
	<filename>kazi (4).jpeg</filename>
	<path>C:\deytaset3\kazi (4).jpeg</path>
	<source>
		<database>Unknown</database>
	</source>
	<size>
		<width>303</width>
		<height>166</height>
		<depth>3</depth>
	</size>
	<segmented>0</segmented>
	<object>
		<name>excavation_work</name>
		<pose>Unspecified</pose>
		<truncated>0</truncated>
		<difficult>0</difficult>
		<bndbox>
			<xmin>76</xmin>
			<ymin>33</ymin>
			<xmax>222</xmax>
			<ymax>134</ymax>
		</bndbox>
	</object>
</annotation>
