<annotation>
	<folder>deytaset3</folder>
	<filename>kazi (10).jpeg</filename>
	<path>C:\deytaset3\kazi (10).jpeg</path>
	<source>
		<database>Unknown</database>
	</source>
	<size>
		<width>224</width>
		<height>225</height>
		<depth>3</depth>
	</size>
	<segmented>0</segmented>
	<object>
		<name>excavation_work</name>
		<pose>Unspecified</pose>
		<truncated>0</truncated>
		<difficult>0</difficult>
		<bndbox>
			<xmin>73</xmin>
			<ymin>123</ymin>
			<xmax>126</xmax>
			<ymax>171</ymax>
		</bndbox>
	</object>
</annotation>
