<annotation>
	<folder>deytaset3</folder>
	<filename>kazi (14).jpeg</filename>
	<path>C:\deytaset3\kazi (14).jpeg</path>
	<source>
		<database>Unknown</database>
	</source>
	<size>
		<width>262</width>
		<height>192</height>
		<depth>3</depth>
	</size>
	<segmented>0</segmented>
	<object>
		<name>excavation_work</name>
		<pose>Unspecified</pose>
		<truncated>0</truncated>
		<difficult>0</difficult>
		<bndbox>
			<xmin>122</xmin>
			<ymin>66</ymin>
			<xmax>195</xmax>
			<ymax>139</ymax>
		</bndbox>
	</object>
</annotation>
