<annotation>
	<folder>deytaset3</folder>
	<filename>kazi (6).jpeg</filename>
	<path>C:\deytaset3\kazi (6).jpeg</path>
	<source>
		<database>Unknown</database>
	</source>
	<size>
		<width>228</width>
		<height>221</height>
		<depth>3</depth>
	</size>
	<segmented>0</segmented>
	<object>
		<name>excavation_work</name>
		<pose>Unspecified</pose>
		<truncated>0</truncated>
		<difficult>0</difficult>
		<bndbox>
			<xmin>90</xmin>
			<ymin>113</ymin>
			<xmax>156</xmax>
			<ymax>176</ymax>
		</bndbox>
	</object>
</annotation>
