<annotation>
	<folder>deytaset3</folder>
	<filename>kazi (17).jpeg</filename>
	<path>C:\deytaset3\kazi (17).jpeg</path>
	<source>
		<database>Unknown</database>
	</source>
	<size>
		<width>259</width>
		<height>194</height>
		<depth>3</depth>
	</size>
	<segmented>0</segmented>
	<object>
		<name>excavation_work</name>
		<pose>Unspecified</pose>
		<truncated>0</truncated>
		<difficult>0</difficult>
		<bndbox>
			<xmin>48</xmin>
			<ymin>22</ymin>
			<xmax>242</xmax>
			<ymax>189</ymax>
		</bndbox>
	</object>
</annotation>
