<annotation>
	<folder>deytaset3</folder>
	<filename>kazi (3).jpeg</filename>
	<path>C:\deytaset3\kazi (3).jpeg</path>
	<source>
		<database>Unknown</database>
	</source>
	<size>
		<width>225</width>
		<height>224</height>
		<depth>3</depth>
	</size>
	<segmented>0</segmented>
	<object>
		<name>excavation_work</name>
		<pose>Unspecified</pose>
		<truncated>0</truncated>
		<difficult>0</difficult>
		<bndbox>
			<xmin>15</xmin>
			<ymin>30</ymin>
			<xmax>223</xmax>
			<ymax>197</ymax>
		</bndbox>
	</object>
</annotation>
