<annotation>
	<folder>deytaset3</folder>
	<filename>kazi (5).jpeg</filename>
	<path>C:\deytaset3\kazi (5).jpeg</path>
	<source>
		<database>Unknown</database>
	</source>
	<size>
		<width>251</width>
		<height>201</height>
		<depth>3</depth>
	</size>
	<segmented>0</segmented>
	<object>
		<name>excavation_work</name>
		<pose>Unspecified</pose>
		<truncated>0</truncated>
		<difficult>0</difficult>
		<bndbox>
			<xmin>184</xmin>
			<ymin>25</ymin>
			<xmax>221</xmax>
			<ymax>62</ymax>
		</bndbox>
	</object>
</annotation>
