<annotation>
	<folder>deytaset3</folder>
	<filename>noparking (14).jpg</filename>
	<path>C:\deytaset3\noparking (14).jpg</path>
	<source>
		<database>Unknown</database>
	</source>
	<size>
		<width>227</width>
		<height>222</height>
		<depth>3</depth>
	</size>
	<segmented>0</segmented>
	<object>
		<name>no_parking</name>
		<pose>Unspecified</pose>
		<truncated>0</truncated>
		<difficult>0</difficult>
		<bndbox>
			<xmin>70</xmin>
			<ymin>54</ymin>
			<xmax>144</xmax>
			<ymax>124</ymax>
		</bndbox>
	</object>
</annotation>
