<annotation>
	<folder>deytaset3</folder>
	<filename>noparking (7).jpg</filename>
	<path>C:\deytaset3\noparking (7).jpg</path>
	<source>
		<database>Unknown</database>
	</source>
	<size>
		<width>226</width>
		<height>223</height>
		<depth>3</depth>
	</size>
	<segmented>0</segmented>
	<object>
		<name>no_parking</name>
		<pose>Unspecified</pose>
		<truncated>0</truncated>
		<difficult>0</difficult>
		<bndbox>
			<xmin>63</xmin>
			<ymin>16</ymin>
			<xmax>125</xmax>
			<ymax>69</ymax>
		</bndbox>
	</object>
</annotation>
