<annotation>
	<folder>deytaset3</folder>
	<filename>noparking (23).jpg</filename>
	<path>C:\deytaset3\noparking (23).jpg</path>
	<source>
		<database>Unknown</database>
	</source>
	<size>
		<width>800</width>
		<height>800</height>
		<depth>3</depth>
	</size>
	<segmented>0</segmented>
	<object>
		<name>no_parking</name>
		<pose>Unspecified</pose>
		<truncated>0</truncated>
		<difficult>0</difficult>
		<bndbox>
			<xmin>230</xmin>
			<ymin>159</ymin>
			<xmax>636</xmax>
			<ymax>469</ymax>
		</bndbox>
	</object>
</annotation>
