<annotation>
	<folder>deytaset3</folder>
	<filename>noparking (9).jpg</filename>
	<path>C:\deytaset3\noparking (9).jpg</path>
	<source>
		<database>Unknown</database>
	</source>
	<size>
		<width>240</width>
		<height>180</height>
		<depth>3</depth>
	</size>
	<segmented>0</segmented>
	<object>
		<name>no_parking</name>
		<pose>Unspecified</pose>
		<truncated>0</truncated>
		<difficult>0</difficult>
		<bndbox>
			<xmin>62</xmin>
			<ymin>27</ymin>
			<xmax>122</xmax>
			<ymax>89</ymax>
		</bndbox>
	</object>
</annotation>
