<annotation>
	<folder>deytaset3</folder>
	<filename>noparking (18).jpg</filename>
	<path>C:\deytaset3\noparking (18).jpg</path>
	<source>
		<database>Unknown</database>
	</source>
	<size>
		<width>700</width>
		<height>420</height>
		<depth>3</depth>
	</size>
	<segmented>0</segmented>
	<object>
		<name>no_parking</name>
		<pose>Unspecified</pose>
		<truncated>0</truncated>
		<difficult>0</difficult>
		<bndbox>
			<xmin>443</xmin>
			<ymin>79</ymin>
			<xmax>588</xmax>
			<ymax>218</ymax>
		</bndbox>
	</object>
</annotation>
