<annotation>
	<folder>deytaset3</folder>
	<filename>noparking (21).jpg</filename>
	<path>C:\deytaset3\noparking (21).jpg</path>
	<source>
		<database>Unknown</database>
	</source>
	<size>
		<width>347</width>
		<height>280</height>
		<depth>3</depth>
	</size>
	<segmented>0</segmented>
	<object>
		<name>no_parking</name>
		<pose>Unspecified</pose>
		<truncated>0</truncated>
		<difficult>0</difficult>
		<bndbox>
			<xmin>78</xmin>
			<ymin>25</ymin>
			<xmax>266</xmax>
			<ymax>179</ymax>
		</bndbox>
	</object>
</annotation>
