<annotation>
	<folder>deytaset3</folder>
	<filename>noparking (19).jpg</filename>
	<path>C:\deytaset3\noparking (19).jpg</path>
	<source>
		<database>Unknown</database>
	</source>
	<size>
		<width>1024</width>
		<height>682</height>
		<depth>3</depth>
	</size>
	<segmented>0</segmented>
	<object>
		<name>no_parking</name>
		<pose>Unspecified</pose>
		<truncated>0</truncated>
		<difficult>0</difficult>
		<bndbox>
			<xmin>173</xmin>
			<ymin>109</ymin>
			<xmax>430</xmax>
			<ymax>483</ymax>
		</bndbox>
	</object>
</annotation>
