<annotation>
	<folder>deytaset3</folder>
	<filename>noparking (17).jpg</filename>
	<path>C:\deytaset3\noparking (17).jpg</path>
	<source>
		<database>Unknown</database>
	</source>
	<size>
		<width>554</width>
		<height>612</height>
		<depth>3</depth>
	</size>
	<segmented>0</segmented>
	<object>
		<name>no_parking</name>
		<pose>Unspecified</pose>
		<truncated>0</truncated>
		<difficult>0</difficult>
		<bndbox>
			<xmin>136</xmin>
			<ymin>85</ymin>
			<xmax>402</xmax>
			<ymax>337</ymax>
		</bndbox>
	</object>
</annotation>
