<annotation>
	<folder>deytaset3</folder>
	<filename>noparking (15).jpg</filename>
	<path>C:\deytaset3\noparking (15).jpg</path>
	<source>
		<database>Unknown</database>
	</source>
	<size>
		<width>156</width>
		<height>323</height>
		<depth>3</depth>
	</size>
	<segmented>0</segmented>
	<object>
		<name>no_parking</name>
		<pose>Unspecified</pose>
		<truncated>0</truncated>
		<difficult>0</difficult>
		<bndbox>
			<xmin>64</xmin>
			<ymin>78</ymin>
			<xmax>103</xmax>
			<ymax>118</ymax>
		</bndbox>
	</object>
</annotation>
