<annotation>
	<folder>deytaset3</folder>
	<filename>noparking (16).jpg</filename>
	<path>C:\deytaset3\noparking (16).jpg</path>
	<source>
		<database>Unknown</database>
	</source>
	<size>
		<width>183</width>
		<height>275</height>
		<depth>3</depth>
	</size>
	<segmented>0</segmented>
	<object>
		<name>no_parking</name>
		<pose>Unspecified</pose>
		<truncated>0</truncated>
		<difficult>0</difficult>
		<bndbox>
			<xmin>49</xmin>
			<ymin>73</ymin>
			<xmax>140</xmax>
			<ymax>172</ymax>
		</bndbox>
	</object>
</annotation>
