<annotation>
	<folder>deytaset3</folder>
	<filename>noparking (24).jpg</filename>
	<path>C:\deytaset3\noparking (24).jpg</path>
	<source>
		<database>Unknown</database>
	</source>
	<size>
		<width>1500</width>
		<height>1032</height>
		<depth>3</depth>
	</size>
	<segmented>0</segmented>
	<object>
		<name>no_parking</name>
		<pose>Unspecified</pose>
		<truncated>0</truncated>
		<difficult>0</difficult>
		<bndbox>
			<xmin>666</xmin>
			<ymin>143</ymin>
			<xmax>899</xmax>
			<ymax>449</ymax>
		</bndbox>
	</object>
</annotation>
