<annotation>
	<folder>deytaset3</folder>
	<filename>noparking (8).jpg</filename>
	<path>C:\deytaset3\noparking (8).jpg</path>
	<source>
		<database>Unknown</database>
	</source>
	<size>
		<width>169</width>
		<height>299</height>
		<depth>3</depth>
	</size>
	<segmented>0</segmented>
	<object>
		<name>no_parking</name>
		<pose>Unspecified</pose>
		<truncated>1</truncated>
		<difficult>0</difficult>
		<bndbox>
			<xmin>66</xmin>
			<ymin>1</ymin>
			<xmax>113</xmax>
			<ymax>51</ymax>
		</bndbox>
	</object>
</annotation>
