<annotation>
	<folder>deytaset3</folder>
	<filename>noparking (12).jpg</filename>
	<path>C:\deytaset3\noparking (12).jpg</path>
	<source>
		<database>Unknown</database>
	</source>
	<size>
		<width>300</width>
		<height>168</height>
		<depth>3</depth>
	</size>
	<segmented>0</segmented>
	<object>
		<name>no_parking</name>
		<pose>Unspecified</pose>
		<truncated>0</truncated>
		<difficult>0</difficult>
		<bndbox>
			<xmin>133</xmin>
			<ymin>32</ymin>
			<xmax>169</xmax>
			<ymax>83</ymax>
		</bndbox>
	</object>
</annotation>
