<annotation>
	<folder>deytaset3</folder>
	<filename>noparking (3).jpg</filename>
	<path>C:\deytaset3\noparking (3).jpg</path>
	<source>
		<database>Unknown</database>
	</source>
	<size>
		<width>894</width>
		<height>894</height>
		<depth>3</depth>
	</size>
	<segmented>0</segmented>
	<object>
		<name>no_parking</name>
		<pose>Unspecified</pose>
		<truncated>0</truncated>
		<difficult>0</difficult>
		<bndbox>
			<xmin>512</xmin>
			<ymin>232</ymin>
			<xmax>823</xmax>
			<ymax>478</ymax>
		</bndbox>
	</object>
</annotation>
