<annotation>
	<folder>deytaset3</folder>
	<filename>noparking (4).jpg</filename>
	<path>C:\deytaset3\noparking (4).jpg</path>
	<source>
		<database>Unknown</database>
	</source>
	<size>
		<width>1200</width>
		<height>800</height>
		<depth>3</depth>
	</size>
	<segmented>0</segmented>
	<object>
		<name>no_parking</name>
		<pose>Unspecified</pose>
		<truncated>0</truncated>
		<difficult>0</difficult>
		<bndbox>
			<xmin>114</xmin>
			<ymin>98</ymin>
			<xmax>530</xmax>
			<ymax>521</ymax>
		</bndbox>
	</object>
	<object>
		<name>no_parking</name>
		<pose>Unspecified</pose>
		<truncated>0</truncated>
		<difficult>0</difficult>
		<bndbox>
			<xmin>638</xmin>
			<ymin>355</ymin>
			<xmax>901</xmax>
			<ymax>641</ymax>
		</bndbox>
	</object>
	<object>
		<name>no_parking</name>
		<pose>Unspecified</pose>
		<truncated>0</truncated>
		<difficult>0</difficult>
		<bndbox>
			<xmin>888</xmin>
			<ymin>440</ymin>
			<xmax>1068</xmax>
			<ymax>662</ymax>
		</bndbox>
	</object>
	<object>
		<name>no_parking</name>
		<pose>Unspecified</pose>
		<truncated>0</truncated>
		<difficult>0</difficult>
		<bndbox>
			<xmin>1050</xmin>
			<ymin>492</ymin>
			<xmax>1188</xmax>
			<ymax>689</ymax>
		</bndbox>
	</object>
</annotation>
