<annotation>
	<folder>deytaset3</folder>
	<filename>noparking25.jpg</filename>
	<path>C:\deytaset3\noparking25.jpg</path>
	<source>
		<database>Unknown</database>
	</source>
	<size>
		<width>300</width>
		<height>168</height>
		<depth>3</depth>
	</size>
	<segmented>0</segmented>
	<object>
		<name>no_parking</name>
		<pose>Unspecified</pose>
		<truncated>0</truncated>
		<difficult>0</difficult>
		<bndbox>
			<xmin>135</xmin>
			<ymin>14</ymin>
			<xmax>170</xmax>
			<ymax>72</ymax>
		</bndbox>
	</object>
</annotation>
