<annotation>
	<folder>deytaset3</folder>
	<filename>noparking (20).jpg</filename>
	<path>C:\deytaset3\noparking (20).jpg</path>
	<source>
		<database>Unknown</database>
	</source>
	<size>
		<width>862</width>
		<height>1390</height>
		<depth>3</depth>
	</size>
	<segmented>0</segmented>
	<object>
		<name>no_parking</name>
		<pose>Unspecified</pose>
		<truncated>0</truncated>
		<difficult>0</difficult>
		<bndbox>
			<xmin>102</xmin>
			<ymin>100</ymin>
			<xmax>777</xmax>
			<ymax>792</ymax>
		</bndbox>
	</object>
</annotation>
