<annotation>
	<folder>deytaset3</folder>
	<filename>noparking (5).jpg</filename>
	<path>C:\deytaset3\noparking (5).jpg</path>
	<source>
		<database>Unknown</database>
	</source>
	<size>
		<width>646</width>
		<height>862</height>
		<depth>3</depth>
	</size>
	<segmented>0</segmented>
	<object>
		<name>no_parking</name>
		<pose>Unspecified</pose>
		<truncated>0</truncated>
		<difficult>0</difficult>
		<bndbox>
			<xmin>228</xmin>
			<ymin>82</ymin>
			<xmax>395</xmax>
			<ymax>268</ymax>
		</bndbox>
	</object>
	<object>
		<name>no_parking</name>
		<pose>Unspecified</pose>
		<truncated>0</truncated>
		<difficult>0</difficult>
		<bndbox>
			<xmin>216</xmin>
			<ymin>463</ymin>
			<xmax>396</xmax>
			<ymax>646</ymax>
		</bndbox>
	</object>
</annotation>
