<annotation>
	<folder>deytaset3</folder>
	<filename>noparking (6).jpg</filename>
	<path>C:\deytaset3\noparking (6).jpg</path>
	<source>
		<database>Unknown</database>
	</source>
	<size>
		<width>254</width>
		<height>198</height>
		<depth>3</depth>
	</size>
	<segmented>0</segmented>
	<object>
		<name>no_parking</name>
		<pose>Unspecified</pose>
		<truncated>0</truncated>
		<difficult>0</difficult>
		<bndbox>
			<xmin>128</xmin>
			<ymin>38</ymin>
			<xmax>190</xmax>
			<ymax>105</ymax>
		</bndbox>
	</object>
</annotation>
