<annotation>
	<folder>deytaset3</folder>
	<filename>noparking24.jpg</filename>
	<path>C:\deytaset3\noparking24.jpg</path>
	<source>
		<database>Unknown</database>
	</source>
	<size>
		<width>1200</width>
		<height>900</height>
		<depth>3</depth>
	</size>
	<segmented>0</segmented>
	<object>
		<name>no_parking</name>
		<pose>Unspecified</pose>
		<truncated>1</truncated>
		<difficult>0</difficult>
		<bndbox>
			<xmin>51</xmin>
			<ymin>1</ymin>
			<xmax>446</xmax>
			<ymax>336</ymax>
		</bndbox>
	</object>
</annotation>
