<annotation>
	<folder>deytaset3</folder>
	<filename>noparking (22).jpg</filename>
	<path>C:\deytaset3\noparking (22).jpg</path>
	<source>
		<database>Unknown</database>
	</source>
	<size>
		<width>1000</width>
		<height>750</height>
		<depth>3</depth>
	</size>
	<segmented>0</segmented>
	<object>
		<name>no_parking</name>
		<pose>Unspecified</pose>
		<truncated>0</truncated>
		<difficult>0</difficult>
		<bndbox>
			<xmin>520</xmin>
			<ymin>91</ymin>
			<xmax>909</xmax>
			<ymax>448</ymax>
		</bndbox>
	</object>
</annotation>
