<annotation>
	<folder>deytaset3</folder>
	<filename>park3.jpg</filename>
	<path>C:\deytaset3\park3.jpg</path>
	<source>
		<database>Unknown</database>
	</source>
	<size>
		<width>667</width>
		<height>1000</height>
		<depth>3</depth>
	</size>
	<segmented>0</segmented>
	<object>
		<name>parking</name>
		<pose>Unspecified</pose>
		<truncated>0</truncated>
		<difficult>0</difficult>
		<bndbox>
			<xmin>115</xmin>
			<ymin>22</ymin>
			<xmax>424</xmax>
			<ymax>484</ymax>
		</bndbox>
	</object>
</annotation>
