<annotation>
	<folder>deytaset3</folder>
	<filename>park19.jpg</filename>
	<path>C:\deytaset3\park19.jpg</path>
	<source>
		<database>Unknown</database>
	</source>
	<size>
		<width>612</width>
		<height>408</height>
		<depth>3</depth>
	</size>
	<segmented>0</segmented>
	<object>
		<name>parking</name>
		<pose>Unspecified</pose>
		<truncated>0</truncated>
		<difficult>0</difficult>
		<bndbox>
			<xmin>258</xmin>
			<ymin>119</ymin>
			<xmax>436</xmax>
			<ymax>313</ymax>
		</bndbox>
	</object>
</annotation>
