<annotation>
	<folder>deytaset3</folder>
	<filename>park11.jpg</filename>
	<path>C:\deytaset3\park11.jpg</path>
	<source>
		<database>Unknown</database>
	</source>
	<size>
		<width>175</width>
		<height>289</height>
		<depth>3</depth>
	</size>
	<segmented>0</segmented>
	<object>
		<name>parking</name>
		<pose>Unspecified</pose>
		<truncated>0</truncated>
		<difficult>0</difficult>
		<bndbox>
			<xmin>33</xmin>
			<ymin>41</ymin>
			<xmax>146</xmax>
			<ymax>142</ymax>
		</bndbox>
	</object>
</annotation>
