<annotation>
	<folder>deytaset3</folder>
	<filename>park32.jpg</filename>
	<path>C:\deytaset3\park32.jpg</path>
	<source>
		<database>Unknown</database>
	</source>
	<size>
		<width>1300</width>
		<height>957</height>
		<depth>3</depth>
	</size>
	<segmented>0</segmented>
	<object>
		<name>parking</name>
		<pose>Unspecified</pose>
		<truncated>0</truncated>
		<difficult>0</difficult>
		<bndbox>
			<xmin>234</xmin>
			<ymin>15</ymin>
			<xmax>605</xmax>
			<ymax>375</ymax>
		</bndbox>
	</object>
	<object>
		<name>parking</name>
		<pose>Unspecified</pose>
		<truncated>0</truncated>
		<difficult>0</difficult>
		<bndbox>
			<xmin>629</xmin>
			<ymin>16</ymin>
			<xmax>1016</xmax>
			<ymax>373</ymax>
		</bndbox>
	</object>
</annotation>
