<annotation>
	<folder>deytaset3</folder>
	<filename>park4.jpg</filename>
	<path>C:\deytaset3\park4.jpg</path>
	<source>
		<database>Unknown</database>
	</source>
	<size>
		<width>1300</width>
		<height>792</height>
		<depth>3</depth>
	</size>
	<segmented>0</segmented>
	<object>
		<name>parking</name>
		<pose>Unspecified</pose>
		<truncated>0</truncated>
		<difficult>0</difficult>
		<bndbox>
			<xmin>723</xmin>
			<ymin>120</ymin>
			<xmax>1033</xmax>
			<ymax>471</ymax>
		</bndbox>
	</object>
</annotation>
