<annotation>
	<folder>deytaset3</folder>
	<filename>park10.jpg</filename>
	<path>C:\deytaset3\park10.jpg</path>
	<source>
		<database>Unknown</database>
	</source>
	<size>
		<width>1344</width>
		<height>896</height>
		<depth>3</depth>
	</size>
	<segmented>0</segmented>
	<object>
		<name>parking</name>
		<pose>Unspecified</pose>
		<truncated>0</truncated>
		<difficult>0</difficult>
		<bndbox>
			<xmin>246</xmin>
			<ymin>189</ymin>
			<xmax>553</xmax>
			<ymax>496</ymax>
		</bndbox>
	</object>
</annotation>
