<annotation>
	<folder>deytaset3</folder>
	<filename>park16.jpg</filename>
	<path>C:\deytaset3\park16.jpg</path>
	<source>
		<database>Unknown</database>
	</source>
	<size>
		<width>157</width>
		<height>321</height>
		<depth>3</depth>
	</size>
	<segmented>0</segmented>
	<object>
		<name>parking</name>
		<pose>Unspecified</pose>
		<truncated>0</truncated>
		<difficult>0</difficult>
		<bndbox>
			<xmin>44</xmin>
			<ymin>182</ymin>
			<xmax>77</xmax>
			<ymax>213</ymax>
		</bndbox>
	</object>
	<object>
		<name>parking</name>
		<pose>Unspecified</pose>
		<truncated>0</truncated>
		<difficult>0</difficult>
		<bndbox>
			<xmin>80</xmin>
			<ymin>174</ymin>
			<xmax>108</xmax>
			<ymax>210</ymax>
		</bndbox>
	</object>
</annotation>
