<annotation>
	<folder>deytaset3</folder>
	<filename>park33.jpg</filename>
	<path>C:\deytaset3\park33.jpg</path>
	<source>
		<database>Unknown</database>
	</source>
	<size>
		<width>390</width>
		<height>280</height>
		<depth>3</depth>
	</size>
	<segmented>0</segmented>
	<object>
		<name>parking</name>
		<pose>Unspecified</pose>
		<truncated>0</truncated>
		<difficult>0</difficult>
		<bndbox>
			<xmin>161</xmin>
			<ymin>6</ymin>
			<xmax>242</xmax>
			<ymax>164</ymax>
		</bndbox>
	</object>
</annotation>
