<annotation>
	<folder>deytaset3</folder>
	<filename>park36.jpg</filename>
	<path>C:\deytaset3\park36.jpg</path>
	<source>
		<database>Unknown</database>
	</source>
	<size>
		<width>1300</width>
		<height>956</height>
		<depth>3</depth>
	</size>
	<segmented>0</segmented>
	<object>
		<name>parking</name>
		<pose>Unspecified</pose>
		<truncated>0</truncated>
		<difficult>0</difficult>
		<bndbox>
			<xmin>725</xmin>
			<ymin>211</ymin>
			<xmax>935</xmax>
			<ymax>404</ymax>
		</bndbox>
	</object>
</annotation>
