<annotation>
	<folder>deytaset3</folder>
	<filename>park7.jpg</filename>
	<path>C:\deytaset3\park7.jpg</path>
	<source>
		<database>Unknown</database>
	</source>
	<size>
		<width>866</width>
		<height>1390</height>
		<depth>3</depth>
	</size>
	<segmented>0</segmented>
	<object>
		<name>parking</name>
		<pose>Unspecified</pose>
		<truncated>0</truncated>
		<difficult>0</difficult>
		<bndbox>
			<xmin>410</xmin>
			<ymin>222</ymin>
			<xmax>718</xmax>
			<ymax>462</ymax>
		</bndbox>
	</object>
</annotation>
