<annotation>
	<folder>deytaset3</folder>
	<filename>park27.jpg</filename>
	<path>C:\deytaset3\park27.jpg</path>
	<source>
		<database>Unknown</database>
	</source>
	<size>
		<width>863</width>
		<height>1390</height>
		<depth>3</depth>
	</size>
	<segmented>0</segmented>
	<object>
		<name>parking</name>
		<pose>Unspecified</pose>
		<truncated>0</truncated>
		<difficult>0</difficult>
		<bndbox>
			<xmin>141</xmin>
			<ymin>136</ymin>
			<xmax>572</xmax>
			<ymax>686</ymax>
		</bndbox>
	</object>
</annotation>
