<annotation>
	<folder>deytaset3</folder>
	<filename>park6.jpg</filename>
	<path>C:\deytaset3\park6.jpg</path>
	<source>
		<database>Unknown</database>
	</source>
	<size>
		<width>367</width>
		<height>606</height>
		<depth>3</depth>
	</size>
	<segmented>0</segmented>
	<object>
		<name>parking</name>
		<pose>Unspecified</pose>
		<truncated>0</truncated>
		<difficult>0</difficult>
		<bndbox>
			<xmin>69</xmin>
			<ymin>99</ymin>
			<xmax>295</xmax>
			<ymax>289</ymax>
		</bndbox>
	</object>
</annotation>
