<annotation>
	<folder>deytaset3</folder>
	<filename>park34.jpg</filename>
	<path>C:\deytaset3\park34.jpg</path>
	<source>
		<database>Unknown</database>
	</source>
	<size>
		<width>310</width>
		<height>280</height>
		<depth>3</depth>
	</size>
	<segmented>0</segmented>
	<object>
		<name>parking</name>
		<pose>Unspecified</pose>
		<truncated>0</truncated>
		<difficult>0</difficult>
		<bndbox>
			<xmin>224</xmin>
			<ymin>61</ymin>
			<xmax>299</xmax>
			<ymax>135</ymax>
		</bndbox>
	</object>
</annotation>
