<annotation>
	<folder>deytaset3</folder>
	<filename>park15.jpg</filename>
	<path>C:\deytaset3\park15.jpg</path>
	<source>
		<database>Unknown</database>
	</source>
	<size>
		<width>194</width>
		<height>259</height>
		<depth>3</depth>
	</size>
	<segmented>0</segmented>
	<object>
		<name>parking</name>
		<pose>Unspecified</pose>
		<truncated>0</truncated>
		<difficult>0</difficult>
		<bndbox>
			<xmin>91</xmin>
			<ymin>122</ymin>
			<xmax>139</xmax>
			<ymax>192</ymax>
		</bndbox>
	</object>
</annotation>
