<annotation>
	<folder>deytaset3</folder>
	<filename>park26.jpg</filename>
	<path>C:\deytaset3\park26.jpg</path>
	<source>
		<database>Unknown</database>
	</source>
	<size>
		<width>1300</width>
		<height>957</height>
		<depth>3</depth>
	</size>
	<segmented>0</segmented>
	<object>
		<name>parking</name>
		<pose>Unspecified</pose>
		<truncated>0</truncated>
		<difficult>0</difficult>
		<bndbox>
			<xmin>476</xmin>
			<ymin>241</ymin>
			<xmax>847</xmax>
			<ymax>667</ymax>
		</bndbox>
	</object>
</annotation>
