<annotation>
	<folder>deytaset3</folder>
	<filename>park23.jpg</filename>
	<path>C:\deytaset3\park23.jpg</path>
	<source>
		<database>Unknown</database>
	</source>
	<size>
		<width>866</width>
		<height>1390</height>
		<depth>3</depth>
	</size>
	<segmented>0</segmented>
	<object>
		<name>parking</name>
		<pose>Unspecified</pose>
		<truncated>0</truncated>
		<difficult>0</difficult>
		<bndbox>
			<xmin>298</xmin>
			<ymin>237</ymin>
			<xmax>696</xmax>
			<ymax>542</ymax>
		</bndbox>
	</object>
</annotation>
