<annotation>
	<folder>deytaset3</folder>
	<filename>park8.jpg</filename>
	<path>C:\deytaset3\park8.jpg</path>
	<source>
		<database>Unknown</database>
	</source>
	<size>
		<width>173</width>
		<height>280</height>
		<depth>3</depth>
	</size>
	<segmented>0</segmented>
	<object>
		<name>parking</name>
		<pose>Unspecified</pose>
		<truncated>0</truncated>
		<difficult>0</difficult>
		<bndbox>
			<xmin>58</xmin>
			<ymin>22</ymin>
			<xmax>125</xmax>
			<ymax>82</ymax>
		</bndbox>
	</object>
</annotation>
