<annotation>
	<folder>deytaset3</folder>
	<filename>park21.jpg</filename>
	<path>C:\deytaset3\park21.jpg</path>
	<source>
		<database>Unknown</database>
	</source>
	<size>
		<width>400</width>
		<height>280</height>
		<depth>3</depth>
	</size>
	<segmented>0</segmented>
	<object>
		<name>parking</name>
		<pose>Unspecified</pose>
		<truncated>0</truncated>
		<difficult>0</difficult>
		<bndbox>
			<xmin>207</xmin>
			<ymin>27</ymin>
			<xmax>285</xmax>
			<ymax>105</ymax>
		</bndbox>
	</object>
	<object>
		<name>parking</name>
		<pose>Unspecified</pose>
		<truncated>0</truncated>
		<difficult>0</difficult>
		<bndbox>
			<xmin>315</xmin>
			<ymin>80</ymin>
			<xmax>352</xmax>
			<ymax>114</ymax>
		</bndbox>
	</object>
</annotation>
