<annotation>
	<folder>deytaset3</folder>
	<filename>park14.jpg</filename>
	<path>C:\deytaset3\park14.jpg</path>
	<source>
		<database>Unknown</database>
	</source>
	<size>
		<width>300</width>
		<height>168</height>
		<depth>3</depth>
	</size>
	<segmented>0</segmented>
	<object>
		<name>parking</name>
		<pose>Unspecified</pose>
		<truncated>0</truncated>
		<difficult>0</difficult>
		<bndbox>
			<xmin>123</xmin>
			<ymin>10</ymin>
			<xmax>205</xmax>
			<ymax>84</ymax>
		</bndbox>
	</object>
</annotation>
