<annotation>
	<folder>deytaset3</folder>
	<filename>park35.jpg</filename>
	<path>C:\deytaset3\park35.jpg</path>
	<source>
		<database>Unknown</database>
	</source>
	<size>
		<width>1200</width>
		<height>1600</height>
		<depth>3</depth>
	</size>
	<segmented>0</segmented>
	<object>
		<name>parking</name>
		<pose>Unspecified</pose>
		<truncated>0</truncated>
		<difficult>0</difficult>
		<bndbox>
			<xmin>586</xmin>
			<ymin>750</ymin>
			<xmax>868</xmax>
			<ymax>1170</ymax>
		</bndbox>
	</object>
</annotation>
