<annotation>
	<folder>deytaset3</folder>
	<filename>park28.jpg</filename>
	<path>C:\deytaset3\park28.jpg</path>
	<source>
		<database>Unknown</database>
	</source>
	<size>
		<width>1136</width>
		<height>1600</height>
		<depth>3</depth>
	</size>
	<segmented>0</segmented>
	<object>
		<name>parking</name>
		<pose>Unspecified</pose>
		<truncated>0</truncated>
		<difficult>0</difficult>
		<bndbox>
			<xmin>159</xmin>
			<ymin>66</ymin>
			<xmax>975</xmax>
			<ymax>802</ymax>
		</bndbox>
	</object>
</annotation>
