<annotation>
	<folder>deytaset3</folder>
	<filename>park20.jpg</filename>
	<path>C:\deytaset3\park20.jpg</path>
	<source>
		<database>Unknown</database>
	</source>
	<size>
		<width>612</width>
		<height>408</height>
		<depth>3</depth>
	</size>
	<segmented>0</segmented>
	<object>
		<name>parking</name>
		<pose>Unspecified</pose>
		<truncated>0</truncated>
		<difficult>0</difficult>
		<bndbox>
			<xmin>185</xmin>
			<ymin>81</ymin>
			<xmax>369</xmax>
			<ymax>254</ymax>
		</bndbox>
	</object>
</annotation>
