<annotation>
	<folder>deytaset3</folder>
	<filename>right17.jpg</filename>
	<path>C:\deytaset3\right17.jpg</path>
	<source>
		<database>Unknown</database>
	</source>
	<size>
		<width>1000</width>
		<height>1000</height>
		<depth>3</depth>
	</size>
	<segmented>0</segmented>
	<object>
		<name>right_turn_prohibited</name>
		<pose>Unspecified</pose>
		<truncated>0</truncated>
		<difficult>0</difficult>
		<bndbox>
			<xmin>70</xmin>
			<ymin>70</ymin>
			<xmax>948</xmax>
			<ymax>940</ymax>
		</bndbox>
	</object>
</annotation>
