<annotation>
	<folder>deytaset3</folder>
	<filename>right14.png</filename>
	<path>C:\deytaset3\right14.png</path>
	<source>
		<database>Unknown</database>
	</source>
	<size>
		<width>225</width>
		<height>225</height>
		<depth>3</depth>
	</size>
	<segmented>0</segmented>
	<object>
		<name>right_turn_prohibited</name>
		<pose>Unspecified</pose>
		<truncated>0</truncated>
		<difficult>0</difficult>
		<bndbox>
			<xmin>81</xmin>
			<ymin>61</ymin>
			<xmax>148</xmax>
			<ymax>127</ymax>
		</bndbox>
	</object>
</annotation>
