<annotation>
	<folder>deytaset3</folder>
	<filename>right15.png</filename>
	<path>C:\deytaset3\right15.png</path>
	<source>
		<database>Unknown</database>
	</source>
	<size>
		<width>300</width>
		<height>168</height>
		<depth>3</depth>
	</size>
	<segmented>0</segmented>
	<object>
		<name>right_turn_prohibited</name>
		<pose>Unspecified</pose>
		<truncated>0</truncated>
		<difficult>0</difficult>
		<bndbox>
			<xmin>186</xmin>
			<ymin>16</ymin>
			<xmax>271</xmax>
			<ymax>100</ymax>
		</bndbox>
	</object>
</annotation>
