<annotation>
	<folder>deytaset3</folder>
	<filename>right9.jpeg</filename>
	<path>C:\deytaset3\right9.jpeg</path>
	<source>
		<database>Unknown</database>
	</source>
	<size>
		<width>179</width>
		<height>281</height>
		<depth>3</depth>
	</size>
	<segmented>0</segmented>
	<object>
		<name>right_turn_prohibited</name>
		<pose>Unspecified</pose>
		<truncated>1</truncated>
		<difficult>0</difficult>
		<bndbox>
			<xmin>90</xmin>
			<ymin>1</ymin>
			<xmax>151</xmax>
			<ymax>56</ymax>
		</bndbox>
	</object>
</annotation>
