<annotation>
	<folder>deytaset3</folder>
	<filename>right7.jpeg</filename>
	<path>C:\deytaset3\right7.jpeg</path>
	<source>
		<database>Unknown</database>
	</source>
	<size>
		<width>225</width>
		<height>225</height>
		<depth>3</depth>
	</size>
	<segmented>0</segmented>
	<object>
		<name>right_turn_prohibited</name>
		<pose>Unspecified</pose>
		<truncated>0</truncated>
		<difficult>0</difficult>
		<bndbox>
			<xmin>117</xmin>
			<ymin>38</ymin>
			<xmax>153</xmax>
			<ymax>82</ymax>
		</bndbox>
	</object>
</annotation>
