<annotation>
	<folder>deytaset3</folder>
	<filename>right12.jpeg</filename>
	<path>C:\deytaset3\right12.jpeg</path>
	<source>
		<database>Unknown</database>
	</source>
	<size>
		<width>199</width>
		<height>253</height>
		<depth>3</depth>
	</size>
	<segmented>0</segmented>
	<object>
		<name>right_turn_prohibited</name>
		<pose>Unspecified</pose>
		<truncated>0</truncated>
		<difficult>0</difficult>
		<bndbox>
			<xmin>85</xmin>
			<ymin>5</ymin>
			<xmax>126</xmax>
			<ymax>52</ymax>
		</bndbox>
	</object>
</annotation>
