<annotation>
	<folder>deytaset3</folder>
	<filename>right10.jpeg</filename>
	<path>C:\deytaset3\right10.jpeg</path>
	<source>
		<database>Unknown</database>
	</source>
	<size>
		<width>274</width>
		<height>184</height>
		<depth>3</depth>
	</size>
	<segmented>0</segmented>
	<object>
		<name>right_turn_prohibited</name>
		<pose>Unspecified</pose>
		<truncated>0</truncated>
		<difficult>0</difficult>
		<bndbox>
			<xmin>77</xmin>
			<ymin>11</ymin>
			<xmax>109</xmax>
			<ymax>44</ymax>
		</bndbox>
	</object>
	<object>
		<name>right_turn_prohibited</name>
		<pose>Unspecified</pose>
		<truncated>0</truncated>
		<difficult>0</difficult>
		<bndbox>
			<xmin>214</xmin>
			<ymin>9</ymin>
			<xmax>239</xmax>
			<ymax>38</ymax>
		</bndbox>
	</object>
</annotation>
