<annotation>
	<folder>deytaset3</folder>
	<filename>right16.jpeg</filename>
	<path>C:\deytaset3\right16.jpeg</path>
	<source>
		<database>Unknown</database>
	</source>
	<size>
		<width>300</width>
		<height>168</height>
		<depth>3</depth>
	</size>
	<segmented>0</segmented>
	<object>
		<name>right_turn_prohibited</name>
		<pose>Unspecified</pose>
		<truncated>0</truncated>
		<difficult>0</difficult>
		<bndbox>
			<xmin>79</xmin>
			<ymin>41</ymin>
			<xmax>120</xmax>
			<ymax>81</ymax>
		</bndbox>
	</object>
	<object>
		<name>right_turn_prohibited</name>
		<pose>Unspecified</pose>
		<truncated>0</truncated>
		<difficult>0</difficult>
		<bndbox>
			<xmin>167</xmin>
			<ymin>21</ymin>
			<xmax>286</xmax>
			<ymax>159</ymax>
		</bndbox>
	</object>
</annotation>
