<annotation>
	<folder>deytaset3</folder>
	<filename>right4.jpg</filename>
	<path>C:\deytaset3\right4.jpg</path>
	<source>
		<database>Unknown</database>
	</source>
	<size>
		<width>459</width>
		<height>612</height>
		<depth>3</depth>
	</size>
	<segmented>0</segmented>
	<object>
		<name>right_turn_prohibited</name>
		<pose>Unspecified</pose>
		<truncated>0</truncated>
		<difficult>0</difficult>
		<bndbox>
			<xmin>85</xmin>
			<ymin>251</ymin>
			<xmax>238</xmax>
			<ymax>442</ymax>
		</bndbox>
	</object>
</annotation>
