<annotation>
	<folder>deytaset3</folder>
	<filename>right8.jpeg</filename>
	<path>C:\deytaset3\right8.jpeg</path>
	<source>
		<database>Unknown</database>
	</source>
	<size>
		<width>316</width>
		<height>160</height>
		<depth>3</depth>
	</size>
	<segmented>0</segmented>
	<object>
		<name>right_turn_prohibited</name>
		<pose>Unspecified</pose>
		<truncated>1</truncated>
		<difficult>0</difficult>
		<bndbox>
			<xmin>279</xmin>
			<ymin>1</ymin>
			<xmax>303</xmax>
			<ymax>18</ymax>
		</bndbox>
	</object>
	<object>
		<name>right_turn_prohibited</name>
		<pose>Unspecified</pose>
		<truncated>0</truncated>
		<difficult>0</difficult>
		<bndbox>
			<xmin>144</xmin>
			<ymin>25</ymin>
			<xmax>153</xmax>
			<ymax>36</ymax>
		</bndbox>
	</object>
</annotation>
