<annotation>
	<folder>deytaset3</folder>
	<filename>right3.jpeg</filename>
	<path>C:\deytaset3\right3.jpeg</path>
	<source>
		<database>Unknown</database>
	</source>
	<size>
		<width>308</width>
		<height>163</height>
		<depth>3</depth>
	</size>
	<segmented>0</segmented>
	<object>
		<name>right_turn_prohibited</name>
		<pose>Unspecified</pose>
		<truncated>0</truncated>
		<difficult>0</difficult>
		<bndbox>
			<xmin>270</xmin>
			<ymin>70</ymin>
			<xmax>293</xmax>
			<ymax>95</ymax>
		</bndbox>
	</object>
</annotation>
