<annotation>
	<folder>deytaset3</folder>
	<filename>right13.jpeg</filename>
	<path>C:\deytaset3\right13.jpeg</path>
	<source>
		<database>Unknown</database>
	</source>
	<size>
		<width>262</width>
		<height>192</height>
		<depth>3</depth>
	</size>
	<segmented>0</segmented>
	<object>
		<name>right_turn_prohibited</name>
		<pose>Unspecified</pose>
		<truncated>0</truncated>
		<difficult>0</difficult>
		<bndbox>
			<xmin>178</xmin>
			<ymin>60</ymin>
			<xmax>221</xmax>
			<ymax>128</ymax>
		</bndbox>
	</object>
</annotation>
