<annotation>
	<folder>deytaset3</folder>
	<filename>right5.jpg</filename>
	<path>C:\deytaset3\right5.jpg</path>
	<source>
		<database>Unknown</database>
	</source>
	<size>
		<width>408</width>
		<height>612</height>
		<depth>3</depth>
	</size>
	<segmented>0</segmented>
	<object>
		<name>right_turn_prohibited</name>
		<pose>Unspecified</pose>
		<truncated>0</truncated>
		<difficult>0</difficult>
		<bndbox>
			<xmin>41</xmin>
			<ymin>91</ymin>
			<xmax>382</xmax>
			<ymax>434</ymax>
		</bndbox>
	</object>
</annotation>
