<annotation>
	<folder>deytaset3</folder>
	<filename>right6.jpeg</filename>
	<path>C:\deytaset3\right6.jpeg</path>
	<source>
		<database>Unknown</database>
	</source>
	<size>
		<width>300</width>
		<height>168</height>
		<depth>3</depth>
	</size>
	<segmented>0</segmented>
	<object>
		<name>right_turn_prohibited</name>
		<pose>Unspecified</pose>
		<truncated>0</truncated>
		<difficult>0</difficult>
		<bndbox>
			<xmin>18</xmin>
			<ymin>32</ymin>
			<xmax>43</xmax>
			<ymax>50</ymax>
		</bndbox>
	</object>
</annotation>
