<annotation>
	<folder>deytaset3</folder>
	<filename>right11.jpg</filename>
	<path>C:\deytaset3\right11.jpg</path>
	<source>
		<database>Unknown</database>
	</source>
	<size>
		<width>576</width>
		<height>1024</height>
		<depth>3</depth>
	</size>
	<segmented>0</segmented>
	<object>
		<name>right_turn_prohibited</name>
		<pose>Unspecified</pose>
		<truncated>0</truncated>
		<difficult>0</difficult>
		<bndbox>
			<xmin>259</xmin>
			<ymin>413</ymin>
			<xmax>323</xmax>
			<ymax>493</ymax>
		</bndbox>
	</object>
</annotation>
