<annotation>
	<folder>deytaset3</folder>
	<filename>sollama16.jpg</filename>
	<path>C:\deytaset3\sollama16.jpg</path>
	<source>
		<database>Unknown</database>
	</source>
	<size>
		<width>612</width>
		<height>408</height>
		<depth>3</depth>
	</size>
	<segmented>0</segmented>
	<object>
		<name>no_overtaking</name>
		<pose>Unspecified</pose>
		<truncated>0</truncated>
		<difficult>0</difficult>
		<bndbox>
			<xmin>143</xmin>
			<ymin>47</ymin>
			<xmax>365</xmax>
			<ymax>260</ymax>
		</bndbox>
	</object>
</annotation>
