<annotation>
	<folder>deytaset3</folder>
	<filename>sollama6.jpg</filename>
	<path>C:\deytaset3\sollama6.jpg</path>
	<source>
		<database>Unknown</database>
	</source>
	<size>
		<width>612</width>
		<height>612</height>
		<depth>3</depth>
	</size>
	<segmented>0</segmented>
	<object>
		<name>no_overtaking</name>
		<pose>Unspecified</pose>
		<truncated>0</truncated>
		<difficult>0</difficult>
		<bndbox>
			<xmin>423</xmin>
			<ymin>120</ymin>
			<xmax>540</xmax>
			<ymax>233</ymax>
		</bndbox>
	</object>
</annotation>
