<annotation>
	<folder>deytaset3</folder>
	<filename>sollama7.jpg</filename>
	<path>C:\deytaset3\sollama7.jpg</path>
	<source>
		<database>Unknown</database>
	</source>
	<size>
		<width>612</width>
		<height>408</height>
		<depth>3</depth>
	</size>
	<segmented>0</segmented>
	<object>
		<name>no_overtaking</name>
		<pose>Unspecified</pose>
		<truncated>0</truncated>
		<difficult>0</difficult>
		<bndbox>
			<xmin>396</xmin>
			<ymin>38</ymin>
			<xmax>535</xmax>
			<ymax>201</ymax>
		</bndbox>
	</object>
</annotation>
