<annotation>
	<folder>deytaset3</folder>
	<filename>sollama14.jpg</filename>
	<path>C:\deytaset3\sollama14.jpg</path>
	<source>
		<database>Unknown</database>
	</source>
	<size>
		<width>612</width>
		<height>360</height>
		<depth>3</depth>
	</size>
	<segmented>0</segmented>
	<object>
		<name>no_overtaking</name>
		<pose>Unspecified</pose>
		<truncated>0</truncated>
		<difficult>0</difficult>
		<bndbox>
			<xmin>328</xmin>
			<ymin>51</ymin>
			<xmax>458</xmax>
			<ymax>190</ymax>
		</bndbox>
	</object>
</annotation>
