<annotation>
	<folder>deytaset3</folder>
	<filename>sollama9.jpg</filename>
	<path>C:\deytaset3\sollama9.jpg</path>
	<source>
		<database>Unknown</database>
	</source>
	<size>
		<width>406</width>
		<height>612</height>
		<depth>3</depth>
	</size>
	<segmented>0</segmented>
	<object>
		<name>no_overtaking</name>
		<pose>Unspecified</pose>
		<truncated>0</truncated>
		<difficult>0</difficult>
		<bndbox>
			<xmin>33</xmin>
			<ymin>60</ymin>
			<xmax>366</xmax>
			<ymax>395</ymax>
		</bndbox>
	</object>
</annotation>
