<annotation>
	<folder>deytaset3</folder>
	<filename>sollama5.jpg</filename>
	<path>C:\deytaset3\sollama5.jpg</path>
	<source>
		<database>Unknown</database>
	</source>
	<size>
		<width>406</width>
		<height>612</height>
		<depth>3</depth>
	</size>
	<segmented>0</segmented>
	<object>
		<name>no_overtaking</name>
		<pose>Unspecified</pose>
		<truncated>0</truncated>
		<difficult>0</difficult>
		<bndbox>
			<xmin>34</xmin>
			<ymin>58</ymin>
			<xmax>360</xmax>
			<ymax>373</ymax>
		</bndbox>
	</object>
</annotation>
