<annotation>
	<folder>deytaset3</folder>
	<filename>sollama8.jpg</filename>
	<path>C:\deytaset3\sollama8.jpg</path>
	<source>
		<database>Unknown</database>
	</source>
	<size>
		<width>612</width>
		<height>408</height>
		<depth>3</depth>
	</size>
	<segmented>0</segmented>
	<object>
		<name>no_overtaking</name>
		<pose>Unspecified</pose>
		<truncated>0</truncated>
		<difficult>0</difficult>
		<bndbox>
			<xmin>450</xmin>
			<ymin>50</ymin>
			<xmax>595</xmax>
			<ymax>186</ymax>
		</bndbox>
	</object>
</annotation>
