<annotation>
	<folder>deytaset3</folder>
	<filename>stop12.jpg</filename>
	<path>C:\deytaset3\stop12.jpg</path>
	<source>
		<database>Unknown</database>
	</source>
	<size>
		<width>612</width>
		<height>428</height>
		<depth>3</depth>
	</size>
	<segmented>0</segmented>
	<object>
		<name>stop</name>
		<pose>Unspecified</pose>
		<truncated>0</truncated>
		<difficult>0</difficult>
		<bndbox>
			<xmin>99</xmin>
			<ymin>33</ymin>
			<xmax>363</xmax>
			<ymax>299</ymax>
		</bndbox>
	</object>
</annotation>
