<annotation>
	<folder>deytaset3</folder>
	<filename>stop19.jpg</filename>
	<path>C:\deytaset3\stop19.jpg</path>
	<source>
		<database>Unknown</database>
	</source>
	<size>
		<width>408</width>
		<height>612</height>
		<depth>3</depth>
	</size>
	<segmented>0</segmented>
	<object>
		<name>stop</name>
		<pose>Unspecified</pose>
		<truncated>0</truncated>
		<difficult>0</difficult>
		<bndbox>
			<xmin>59</xmin>
			<ymin>151</ymin>
			<xmax>357</xmax>
			<ymax>430</ymax>
		</bndbox>
	</object>
</annotation>
