<annotation>
	<folder>deytaset3</folder>
	<filename>stop7.jpg</filename>
	<path>C:\deytaset3\stop7.jpg</path>
	<source>
		<database>Unknown</database>
	</source>
	<size>
		<width>612</width>
		<height>408</height>
		<depth>3</depth>
	</size>
	<segmented>0</segmented>
	<object>
		<name>stop</name>
		<pose>Unspecified</pose>
		<truncated>0</truncated>
		<difficult>0</difficult>
		<bndbox>
			<xmin>244</xmin>
			<ymin>11</ymin>
			<xmax>364</xmax>
			<ymax>145</ymax>
		</bndbox>
	</object>
	<object>
		<name>crossover</name>
		<pose>Unspecified</pose>
		<truncated>0</truncated>
		<difficult>0</difficult>
		<bndbox>
			<xmin>237</xmin>
			<ymin>281</ymin>
			<xmax>386</xmax>
			<ymax>406</ymax>
		</bndbox>
	</object>
</annotation>
