<annotation>
	<folder>deytaset3</folder>
	<filename>stop5.jpg</filename>
	<path>C:\deytaset3\stop5.jpg</path>
	<source>
		<database>Unknown</database>
	</source>
	<size>
		<width>612</width>
		<height>408</height>
		<depth>3</depth>
	</size>
	<segmented>0</segmented>
	<object>
		<name>stop</name>
		<pose>Unspecified</pose>
		<truncated>0</truncated>
		<difficult>0</difficult>
		<bndbox>
			<xmin>325</xmin>
			<ymin>8</ymin>
			<xmax>561</xmax>
			<ymax>245</ymax>
		</bndbox>
	</object>
	<object>
		<name>crossover</name>
		<pose>Unspecified</pose>
		<truncated>0</truncated>
		<difficult>0</difficult>
		<bndbox>
			<xmin>146</xmin>
			<ymin>106</ymin>
			<xmax>299</xmax>
			<ymax>258</ymax>
		</bndbox>
	</object>
</annotation>
