<annotation>
	<folder>deytaset3</folder>
	<filename>stop9.jpg</filename>
	<path>C:\deytaset3\stop9.jpg</path>
	<source>
		<database>Unknown</database>
	</source>
	<size>
		<width>612</width>
		<height>408</height>
		<depth>3</depth>
	</size>
	<segmented>0</segmented>
	<object>
		<name>stop</name>
		<pose>Unspecified</pose>
		<truncated>0</truncated>
		<difficult>0</difficult>
		<bndbox>
			<xmin>153</xmin>
			<ymin>77</ymin>
			<xmax>343</xmax>
			<ymax>251</ymax>
		</bndbox>
	</object>
</annotation>
