<annotation>
	<folder>deytaset3</folder>
	<filename>stop17.jpg</filename>
	<path>C:\deytaset3\stop17.jpg</path>
	<source>
		<database>Unknown</database>
	</source>
	<size>
		<width>410</width>
		<height>612</height>
		<depth>3</depth>
	</size>
	<segmented>0</segmented>
	<object>
		<name>stop</name>
		<pose>Unspecified</pose>
		<truncated>0</truncated>
		<difficult>0</difficult>
		<bndbox>
			<xmin>107</xmin>
			<ymin>78</ymin>
			<xmax>373</xmax>
			<ymax>330</ymax>
		</bndbox>
	</object>
</annotation>
