<annotation>
	<folder>deytaset3</folder>
	<filename>stop15.jpg</filename>
	<path>C:\deytaset3\stop15.jpg</path>
	<source>
		<database>Unknown</database>
	</source>
	<size>
		<width>612</width>
		<height>388</height>
		<depth>3</depth>
	</size>
	<segmented>0</segmented>
	<object>
		<name>stop</name>
		<pose>Unspecified</pose>
		<truncated>0</truncated>
		<difficult>0</difficult>
		<bndbox>
			<xmin>254</xmin>
			<ymin>46</ymin>
			<xmax>488</xmax>
			<ymax>283</ymax>
		</bndbox>
	</object>
</annotation>
