<annotation>
	<folder>deytaset3</folder>
	<filename>stop6.jpg</filename>
	<path>C:\deytaset3\stop6.jpg</path>
	<source>
		<database>Unknown</database>
	</source>
	<size>
		<width>612</width>
		<height>408</height>
		<depth>3</depth>
	</size>
	<segmented>0</segmented>
	<object>
		<name>stop</name>
		<pose>Unspecified</pose>
		<truncated>0</truncated>
		<difficult>0</difficult>
		<bndbox>
			<xmin>190</xmin>
			<ymin>145</ymin>
			<xmax>359</xmax>
			<ymax>311</ymax>
		</bndbox>
	</object>
</annotation>
