<annotation>
	<folder>deytaset3</folder>
	<filename>stop13.jpg</filename>
	<path>C:\deytaset3\stop13.jpg</path>
	<source>
		<database>Unknown</database>
	</source>
	<size>
		<width>612</width>
		<height>408</height>
		<depth>3</depth>
	</size>
	<segmented>0</segmented>
	<object>
		<name>stop</name>
		<pose>Unspecified</pose>
		<truncated>0</truncated>
		<difficult>0</difficult>
		<bndbox>
			<xmin>369</xmin>
			<ymin>5</ymin>
			<xmax>513</xmax>
			<ymax>252</ymax>
		</bndbox>
	</object>
</annotation>
