<annotation>
	<folder>deytaset3</folder>
	<filename>stop16.jpg</filename>
	<path>C:\deytaset3\stop16.jpg</path>
	<source>
		<database>Unknown</database>
	</source>
	<size>
		<width>960</width>
		<height>1280</height>
		<depth>3</depth>
	</size>
	<segmented>0</segmented>
	<object>
		<name>stop</name>
		<pose>Unspecified</pose>
		<truncated>0</truncated>
		<difficult>0</difficult>
		<bndbox>
			<xmin>53</xmin>
			<ymin>212</ymin>
			<xmax>877</xmax>
			<ymax>1057</ymax>
		</bndbox>
	</object>
</annotation>
