<annotation>
	<folder>deytaset3</folder>
	<filename>stop8.jpg</filename>
	<path>C:\deytaset3\stop8.jpg</path>
	<source>
		<database>Unknown</database>
	</source>
	<size>
		<width>612</width>
		<height>329</height>
		<depth>3</depth>
	</size>
	<segmented>0</segmented>
	<object>
		<name>stop</name>
		<pose>Unspecified</pose>
		<truncated>1</truncated>
		<difficult>0</difficult>
		<bndbox>
			<xmin>1</xmin>
			<ymin>65</ymin>
			<xmax>204</xmax>
			<ymax>282</ymax>
		</bndbox>
	</object>
</annotation>
